film,personne,role,alias
1a824fa6-2716-4362-b09a-308fac8ff3fa,9ba16814-0229-4025-927c-795cd4d6dd07,acteur,Marion Cobretti
1a824fa6-2716-4362-b09a-308fac8ff3fa,46c31ee2-f27f-4049-95d4-e3bf625ec924,acteur,Ingrid
1a824fa6-2716-4362-b09a-308fac8ff3fa,c872e22c-096a-4b71-886e-491e7733d3df,réalisateur,
1a824fa6-2716-4362-b09a-308fac8ff3fa,081629e8-d46f-4a52-b54e-75a4eb7d3b11,scénariste (roman),
1a824fa6-2716-4362-b09a-308fac8ff3fa,9ba16814-0229-4025-927c-795cd4d6dd07,scénariste,
412db3da-061b-4b62-9015-00649a08eb45,9ba16814-0229-4025-927c-795cd4d6dd07,acteur,John Rambo
412db3da-061b-4b62-9015-00649a08eb45,c872e22c-096a-4b71-886e-491e7733d3df,réalisateur,
4dafc2bb-39bd-4cc7-ad8a-76e74f377aeb,9ba16814-0229-4025-927c-795cd4d6dd07,acteur,Rocky Balboa
4dafc2bb-39bd-4cc7-ad8a-76e74f377aeb,1879fdcb-078f-4bc3-adba-0fc4e0f16db6,acteur,Adrian Pennino
4dafc2bb-39bd-4cc7-ad8a-76e74f377aeb,21c2b10a-358e-408b-abd2-5bf391b77927,acteur,Apollo Creed
4dafc2bb-39bd-4cc7-ad8a-76e74f377aeb,a3591726-da0e-4ecd-927b-41d90a04c3a9,acteur,Paulie Pennino
4dafc2bb-39bd-4cc7-ad8a-76e74f377aeb,695620ef-03a8-44d2-9fa2-966b9eeede41,réalisateur,
ec6a42ec-6c44-495f-beca-ecc4c3dc093e,9ba16814-0229-4025-927c-795cd4d6dd07,acteur,Rocky Balboa
ec6a42ec-6c44-495f-beca-ecc4c3dc093e,1879fdcb-078f-4bc3-adba-0fc4e0f16db6,acteur,Adrian Pennino
ec6a42ec-6c44-495f-beca-ecc4c3dc093e,21c2b10a-358e-408b-abd2-5bf391b77927,acteur,Apollo Creed
ec6a42ec-6c44-495f-beca-ecc4c3dc093e,a3591726-da0e-4ecd-927b-41d90a04c3a9,acteur,Paulie Pennino
ec6a42ec-6c44-495f-beca-ecc4c3dc093e,9ba16814-0229-4025-927c-795cd4d6dd07,réalisateur,
ec6a42ec-6c44-495f-beca-ecc4c3dc093e,9ba16814-0229-4025-927c-795cd4d6dd07,scénariste,
890aa7dd-1bdb-468e-a6f3-c4ca7cf02c3a,a3591726-da0e-4ecd-927b-41d90a04c3a9,acteur,Paulie Pennino
890aa7dd-1bdb-468e-a6f3-c4ca7cf02c3a,1879fdcb-078f-4bc3-adba-0fc4e0f16db6,acteur,Adrian Pennino
890aa7dd-1bdb-468e-a6f3-c4ca7cf02c3a,21c2b10a-358e-408b-abd2-5bf391b77927,acteur,Apollo Creed
890aa7dd-1bdb-468e-a6f3-c4ca7cf02c3a,9ba16814-0229-4025-927c-795cd4d6dd07,réalisateur,
890aa7dd-1bdb-468e-a6f3-c4ca7cf02c3a,9ba16814-0229-4025-927c-795cd4d6dd07,scénariste,
890aa7dd-1bdb-468e-a6f3-c4ca7cf02c3a,28794c25-dafb-4f23-96a2-a1987a682385,acteur,Clubber Lang
890aa7dd-1bdb-468e-a6f3-c4ca7cf02c3a,9ba16814-0229-4025-927c-795cd4d6dd07,acteur,Rocky Balboa
8a973d17-fccf-4240-8157-573db91eaa6c,9ba16814-0229-4025-927c-795cd4d6dd07,réalisateur,
8a973d17-fccf-4240-8157-573db91eaa6c,9ba16814-0229-4025-927c-795cd4d6dd07,scénariste,
8a973d17-fccf-4240-8157-573db91eaa6c,1879fdcb-078f-4bc3-adba-0fc4e0f16db6,acteur,Adrian Pennino
8a973d17-fccf-4240-8157-573db91eaa6c,21c2b10a-358e-408b-abd2-5bf391b77927,acteur,Apollo Creed
8a973d17-fccf-4240-8157-573db91eaa6c,a3591726-da0e-4ecd-927b-41d90a04c3a9,acteur,Paulie Pennino
8a973d17-fccf-4240-8157-573db91eaa6c,82d638a4-8899-4917-ab72-07e0ff751538,acteur,Ivan Drago
8a973d17-fccf-4240-8157-573db91eaa6c,9ba16814-0229-4025-927c-795cd4d6dd07,acteur,Rocky Balboa
94666aeb-13c6-47d8-a8c9-6051636b6102,9ba16814-0229-4025-927c-795cd4d6dd07,acteur,John Rambo
94666aeb-13c6-47d8-a8c9-6051636b6102,38e1ba01-163a-4262-9ce3-a8b95ea6e687,réalisateur,
94666aeb-13c6-47d8-a8c9-6051636b6102,1e8b43c2-94ed-4610-ba42-9e90fdd23259,scénariste (roman),
dc18e978-7d17-4d05-ac8e-678a609fbcc7,9ba16814-0229-4025-927c-795cd4d6dd07,acteur,Rocky Balboa
e90836cf-cc5f-477d-9ca1-a44f1bd95abf,9ba16814-0229-4025-927c-795cd4d6dd07,acteur,John Rambo
e90836cf-cc5f-477d-9ca1-a44f1bd95abf,ed0aea9c-e41b-4615-8eeb-e3e45e39273e,réalisateur,
dc18e978-7d17-4d05-ac8e-678a609fbcc7,1879fdcb-078f-4bc3-adba-0fc4e0f16db6,acteur,Adrian Pennino
dc18e978-7d17-4d05-ac8e-678a609fbcc7,a3591726-da0e-4ecd-927b-41d90a04c3a9,acteur,Paulie Pennino
dc18e978-7d17-4d05-ac8e-678a609fbcc7,7c24d6f5-5c8a-473c-8945-2467d86e3abc,acteur,Rocky Jr.
dc18e978-7d17-4d05-ac8e-678a609fbcc7,695620ef-03a8-44d2-9fa2-966b9eeede41,réalisateur,
dc18e978-7d17-4d05-ac8e-678a609fbcc7,9ba16814-0229-4025-927c-795cd4d6dd07,scénariste,
770074ee-584e-41cb-8e15-fbd11247a4f1,3fcd9ae0-5ab6-4b60-af23-a84608e2469a,acteur,Dr. Peter Venkman
770074ee-584e-41cb-8e15-fbd11247a4f1,cfbc0a1a-6f79-4d89-9412-6de889a7dd84,acteur,Dr. Raymond Stantz
770074ee-584e-41cb-8e15-fbd11247a4f1,9f69c024-b15c-4bf2-8f53-d968337306ea,acteur,Dana Barrett
770074ee-584e-41cb-8e15-fbd11247a4f1,314d4062-e9f6-428f-8ac6-51f9f62c4527,acteur,Dr. Egon Spengler
770074ee-584e-41cb-8e15-fbd11247a4f1,9f72b128-e7cb-4ee1-9f4f-801e655b430a,acteur,Louis Tully
770074ee-584e-41cb-8e15-fbd11247a4f1,28188765-6046-4c73-9145-e4d860750b5b,acteur,Janine Melnitz
770074ee-584e-41cb-8e15-fbd11247a4f1,b15bb7c5-f6d0-48eb-9a1e-703530203340,acteur,Winston Zeddemore
770074ee-584e-41cb-8e15-fbd11247a4f1,cd48fccf-299f-49b5-9064-abd78f938df7,acteur,Le maire
770074ee-584e-41cb-8e15-fbd11247a4f1,e958e229-9a7d-449f-b7eb-0abbdbe58f95,réalisateur,
770074ee-584e-41cb-8e15-fbd11247a4f1,cfbc0a1a-6f79-4d89-9412-6de889a7dd84,scénariste,
770074ee-584e-41cb-8e15-fbd11247a4f1,314d4062-e9f6-428f-8ac6-51f9f62c4527,scénariste,
770074ee-584e-41cb-8e15-fbd11247a4f1,2304edf2-cabe-4ffd-85a6-4d4edcd80530,acteur,Walter Peck
7abca311-7572-49bb-8565-e3648fcb1989,05a69667-f2e5-43ff-ae07-6d236d3598b4,acteur,The Dude
babad69c-d9e9-4668-93da-f12899a80b45,88826d9b-81ec-4e7c-8783-aa52f9a8b6fc,acteur,Johnny Castle
bb73a806-7713-47b3-8355-b4151511a743,68f0d3b2-8748-4d91-92ef-a5fc02ffc53b,acteur,Helen Brown
fb74c2f9-8ef1-433e-a067-746b5e0bfd59,68f0d3b2-8748-4d91-92ef-a5fc02ffc53b,acteur,Mary
eb4c69f6-9fa5-4eb7-9a16-0259a9eac719,cf13b736-49c6-40fd-8484-49732ddb9b09,acteur,Lorraine Baines
b5142384-c03e-4d50-93e0-75a438484955,731f8970-90cc-4173-ab8c-6a0d91453014,acteur,Lt. Robert 'Bob' Malone
80c07340-a069-476a-a0a0-2460dc69b3cc,e51dafbc-1271-44ff-884f-700cbcbc3f2b,acteur,Jack Burton
e4e5143d-c8b6-44ae-8d83-0699c1fb9272,e51dafbc-1271-44ff-884f-700cbcbc3f2b,acteur,Stephen McCaffrey
e4e5143d-c8b6-44ae-8d83-0699c1fb9272,e51dafbc-1271-44ff-884f-700cbcbc3f2b,acteur,Dennis McCaffrey
8f3d2c9a-7e51-4966-b561-80c59d8bcc31,e51dafbc-1271-44ff-884f-700cbcbc3f2b,acteur,Snake Plissken
84ed3f64-88ea-4e96-a670-0f3095ececf2,e51dafbc-1271-44ff-884f-700cbcbc3f2b,acteur,Lt. Gabriel Cash
84ed3f64-88ea-4e96-a670-0f3095ececf2,9ba16814-0229-4025-927c-795cd4d6dd07,acteur,Lt. Raymond Tango
a9f73754-847d-43b7-9529-bfe7fecd487f,e51dafbc-1271-44ff-884f-700cbcbc3f2b,acteur,MacReady
1df31ff4-6bf4-4cdd-b8ed-2f8067a8d5db,e51dafbc-1271-44ff-884f-700cbcbc3f2b,acteur,Wyatt Earp
84ed3f64-88ea-4e96-a670-0f3095ececf2,d1d7a1a5-bb64-45e2-9595-5c7c8a31df73,réalisateur,
8f3d2c9a-7e51-4966-b561-80c59d8bcc31,d247621e-d5c0-4918-8990-09a45f8fa613,réalisateur,
a9f73754-847d-43b7-9529-bfe7fecd487f,d247621e-d5c0-4918-8990-09a45f8fa613,réalisateur,
80c07340-a069-476a-a0a0-2460dc69b3cc,d247621e-d5c0-4918-8990-09a45f8fa613,réalisateur,
e4e5143d-c8b6-44ae-8d83-0699c1fb9272,72925ff0-346f-4f14-bb98-28ca29645685,réalisateur,
1df31ff4-6bf4-4cdd-b8ed-2f8067a8d5db,c872e22c-096a-4b71-886e-491e7733d3df,réalisateur,
8a973d17-fccf-4240-8157-573db91eaa6c,46c31ee2-f27f-4049-95d4-e3bf625ec924,acteur,Ludmilla Vobet Drago
695fb599-9b9f-481e-9f62-ce52dddf918c,2fde32d6-3e8b-48ac-96ba-80056449cbbe,acteur,Allan Quatermain
695fb599-9b9f-481e-9f62-ce52dddf918c,b2e7842d-cc7a-47d7-8a99-625359b685a7,acteur,Jesse Huston
8a121e62-10bc-4dfd-a741-7dd440c467de,2fde32d6-3e8b-48ac-96ba-80056449cbbe,acteur,Allan Quatermain
8a121e62-10bc-4dfd-a741-7dd440c467de,b2e7842d-cc7a-47d7-8a99-625359b685a7,acteur,Jesse Huston
0ae7f4b9-cd5d-4740-ab4b-24d5faeac626,436b9127-6cb4-4e89-ad98-82a98f7e847b,acteur,Detective Nick Curran
0ae7f4b9-cd5d-4740-ab4b-24d5faeac626,b2e7842d-cc7a-47d7-8a99-625359b685a7,acteur,Catherine Tramell
8cf850f7-427a-4b4e-83f8-57690c774a37,436b9127-6cb4-4e89-ad98-82a98f7e847b,acteur,Jack Colton
8cf850f7-427a-4b4e-83f8-57690c774a37,b4e88855-0164-453b-bcf0-45a7f677c8dd,acteur,Joan Wilder
3c263c09-6fdb-4070-9a0a-8ee7357a2bc6,436b9127-6cb4-4e89-ad98-82a98f7e847b,acteur,Jack Colton
3c263c09-6fdb-4070-9a0a-8ee7357a2bc6,b4e88855-0164-453b-bcf0-45a7f677c8dd,acteur,Joan Wilder
8cf850f7-427a-4b4e-83f8-57690c774a37,89797198-6014-4d49-97e5-3392bbcfcf67,réalisateur,
8cf850f7-427a-4b4e-83f8-57690c774a37,2e24400b-2353-4be5-b6de-746870abf0cc,acteur,Ralph
3c263c09-6fdb-4070-9a0a-8ee7357a2bc6,2e24400b-2353-4be5-b6de-746870abf0cc,acteur,Ralph
2f9676ba-0fba-42cc-b4e9-1a0a48b21260,2e24400b-2353-4be5-b6de-746870abf0cc,acteur,Owen
9da54652-3655-4cc3-87ce-8e3e4a5d36f5,450c6276-60bc-4791-bee4-3152145af6e7,acteur,Kalidor
59b41a22-7f4f-45f2-bb9e-5397fb3a6408,450c6276-60bc-4791-bee4-3152145af6e7,acteur,Conan
1e94a4eb-3268-4e30-81a2-56cac00d56ea,450c6276-60bc-4791-bee4-3152145af6e7,acteur,Conan
ca94860d-56c2-4b68-ac00-6d48d0de8ee4,450c6276-60bc-4791-bee4-3152145af6e7,acteur,Dutch
c8569fc1-cf9f-4f55-9c6c-d100595847f6,450c6276-60bc-4791-bee4-3152145af6e7,acteur,The Terminator
27d9fcf0-8a76-4bf4-877e-8e2e2a8b27ce,7f61045e-1fdf-493f-bb9a-ddde285488e8,acteur,Elizabeth Hardy
e155fb8f-15f9-4285-a742-7cc2a54aabcf,ec70b59b-2b49-4122-97a7-e1598b95500f,acteur,Kate Beringer
13ee2642-1e88-4b5b-9e0e-1ca8940c8a2e,450c6276-60bc-4791-bee4-3152145af6e7,acteur,Julius Benedict
13ee2642-1e88-4b5b-9e0e-1ca8940c8a2e,2e24400b-2353-4be5-b6de-746870abf0cc,acteur,Vincent Benedict
2f9676ba-0fba-42cc-b4e9-1a0a48b21260,594436cf-1f7a-4a96-8f41-53792e1d10df,acteur,Larry Donner
1e94a4eb-3268-4e30-81a2-56cac00d56ea,38d69333-f86e-4e30-b3f8-04e349ade801,réalisateur,
9da54652-3655-4cc3-87ce-8e3e4a5d36f5,38d69333-f86e-4e30-b3f8-04e349ade801,réalisateur,
c8569fc1-cf9f-4f55-9c6c-d100595847f6,26b8f537-0d34-4654-884d-45991b25f862,réalisateur,
3d036187-2c03-4831-ac66-6bfdbf91ba1e,26b8f537-0d34-4654-884d-45991b25f862,réalisateur,
3d036187-2c03-4831-ac66-6bfdbf91ba1e,9f69c024-b15c-4bf2-8f53-d968337306ea,acteur,Ellen Ripley
3d036187-2c03-4831-ac66-6bfdbf91ba1e,be35d246-44da-45f7-be0a-db86b1020482,acteur,Newt
3d036187-2c03-4831-ac66-6bfdbf91ba1e,e44e8d89-5845-4048-acfd-cee0d7f054a1,acteur,Corporal Hicks
3d036187-2c03-4831-ac66-6bfdbf91ba1e,c868fa91-5534-4573-9532-bab6d0359d9d,acteur,Burke
3d036187-2c03-4831-ac66-6bfdbf91ba1e,0a943e06-2e38-464b-940b-0fc493200fd5,acteur,Bishop
3d036187-2c03-4831-ac66-6bfdbf91ba1e,2f9d0443-68a2-4662-b3a9-cd1ff4b36bc2,acteur,Hudson
3d036187-2c03-4831-ac66-6bfdbf91ba1e,a6f4636d-e85f-4a34-8e79-91b0028b8ebb,acteur,Lieutenant Gorman
3d036187-2c03-4831-ac66-6bfdbf91ba1e,5db9320b-f723-4418-a1d7-6d354a9d319b,acteur,Vasquez
3d036187-2c03-4831-ac66-6bfdbf91ba1e,75de56e5-df17-4f03-940c-c32572990c37,acteur,Sergeant Apone
3d036187-2c03-4831-ac66-6bfdbf91ba1e,49242460-8b4a-4e1c-b3a4-603c9bf705c7,acteur,Drake
3d036187-2c03-4831-ac66-6bfdbf91ba1e,37f2a816-7dc8-48f7-ad5c-588847c07313,acteur,Frost
3d036187-2c03-4831-ac66-6bfdbf91ba1e,5170e231-b8d5-4e45-8205-d38527bccc0b,acteur,Corporal Ferro
3d036187-2c03-4831-ac66-6bfdbf91ba1e,3b9eba88-84f3-40ff-a8d9-63a001ff8f04,acteur,Spunkmeyer
3d036187-2c03-4831-ac66-6bfdbf91ba1e,baa8c24e-2e87-4077-acb1-c76dadf5099e,acteur,Corporal Dietrich
3d036187-2c03-4831-ac66-6bfdbf91ba1e,c486a57a-ff55-43d0-ae12-b02696c50154,acteur,Crowe
14e6d221-0a9e-4a3b-a311-ccb05d663b9a,c868fa91-5534-4573-9532-bab6d0359d9d,acteur,Jeffrey Friedman
0855b28a-f73d-4302-8d48-2a2353d08321,c868fa91-5534-4573-9532-bab6d0359d9d,acteur,Jeffrey Friedman
1ffb3a43-6fe7-4bb2-82c6-622a79004264,e44e8d89-5845-4048-acfd-cee0d7f054a1,acteur,Lt. Coffey
1df31ff4-6bf4-4cdd-b8ed-2f8067a8d5db,e44e8d89-5845-4048-acfd-cee0d7f054a1,acteur,Johnny Ringo
c8569fc1-cf9f-4f55-9c6c-d100595847f6,0a943e06-2e38-464b-940b-0fc493200fd5,acteur,Vukovich
c8569fc1-cf9f-4f55-9c6c-d100595847f6,2f9d0443-68a2-4662-b3a9-cd1ff4b36bc2,acteur,Punk Leader
6277443a-d0cc-4c54-bcde-3f43c896503d,3fcd9ae0-5ab6-4b60-af23-a84608e2469a,acteur,Phil
6277443a-d0cc-4c54-bcde-3f43c896503d,3dc69d31-75bf-4349-8051-8476df7658ea,acteur,Rita
c8569fc1-cf9f-4f55-9c6c-d100595847f6,e44e8d89-5845-4048-acfd-cee0d7f054a1,acteur,Kyle Reese
428373c3-7ce0-44c2-b46b-3e5ed3c019b3,e196b96c-5686-4cd0-8318-1a91244381c0,réalisateur,
034b76fb-c0f0-43d1-bcd9-66b412bc5091,0644f877-b577-44e4-af03-49d0f199a332,réalisateur,
96222ab6-29a3-4043-b5c2-a90a386c0d97,03eaa5ea-ad8e-4342-b2f5-8d26ec0bbe46,réalisateur,
278988e2-b6e2-4bec-9f37-3f4fadda6454,03eaa5ea-ad8e-4342-b2f5-8d26ec0bbe46,réalisateur,
0e872cc4-c429-428c-8c71-a62fb4c24c96,fc59fc53-f690-4b6e-a3af-f57a20063260,réalisateur,
3d3ea7a8-8b5b-4392-81bb-d08dde330acc,42730da3-7ba6-429b-ade8-f9d0287931d8,acteur,Nico
0bed1543-84ac-4c53-be68-43299ced4897,bd280de3-2180-45ac-9819-0b1a9dcb9ce7,acteur,Lt. Jeff Knight
4e7872c0-5351-471d-b26f-27a6f90fdfed,bd280de3-2180-45ac-9819-0b1a9dcb9ce7,acteur,Joe
4e7872c0-5351-471d-b26f-27a6f90fdfed,b7770571-dac0-4ce4-a95a-25c37342d642,acteur,Jackson
4544a546-42da-4757-8499-041a20af38c9,5b0fe5e7-f6b2-441d-98ff-cbe8676d4bec,réalisateur,Dan Edwards
2bd8cc93-eb2b-4afa-ae0b-786e7ae60211,30e140ad-88c1-47d0-84e2-3a70d8398692,acteur,Connor MacLeod
49006841-5ff8-4149-8c0a-1b87a158392f,55dfbb9a-bef3-410e-b7a2-6c78b1f5200a,réalisateur,
6931e7d6-7d10-4454-8101-3a11734fbdfd,10abd4fe-3501-4e66-9404-642affce8f8e,acteur,Max Donigan
278988e2-b6e2-4bec-9f37-3f4fadda6454,10abd4fe-3501-4e66-9404-642affce8f8e,acteur,Col. James Braddock
b657e15a-9e33-4b6a-a39f-2f22d56e1a6f,10abd4fe-3501-4e66-9404-642affce8f8e,acteur,Col. James Braddock
96222ab6-29a3-4043-b5c2-a90a386c0d97,10abd4fe-3501-4e66-9404-642affce8f8e,acteur,Matt Hunter
bda4765b-36ed-4693-b2af-e3d2ecec462b,10abd4fe-3501-4e66-9404-642affce8f8e,acteur,Scott
6931e7d6-7d10-4454-8101-3a11734fbdfd,44300acc-7c79-4769-8529-0b6f4e83708c,acteur,Leo Porter
6931e7d6-7d10-4454-8101-3a11734fbdfd,28938581-a315-4bbf-901c-568ce241b5f0,réalisateur,
d8e8472a-a08d-4c0a-a68f-9c058a83dc27,0e0d6db8-0e7f-403e-a3ba-b07acf25c55c,réalisateur,
5b946f8f-76e1-46cd-b2f9-e5f85d10af02,94761b79-63b5-4ad6-a0b0-5f529c3c6981,réalisateur,
3d3ea7a8-8b5b-4392-81bb-d08dde330acc,6c521eab-6201-4636-a702-ebaa9ce48f0b,réalisateur,
bda4765b-36ed-4693-b2af-e3d2ecec462b,7621214a-3461-4d5f-bf72-6b4aaeb9e849,réalisateur,
9b4a8296-c6fe-40c6-b1c5-9807b2004976,7621214a-3461-4d5f-bf72-6b4aaeb9e849,réalisateur,
034b76fb-c0f0-43d1-bcd9-66b412bc5091,44300acc-7c79-4769-8529-0b6f4e83708c,acteur,Drac
ca94860d-56c2-4b68-ac00-6d48d0de8ee4,2755c6f7-551a-4c38-82e4-ea589d347e1b,réalisateur,
97d149d2-57d0-489c-93e7-6d8adcc0f9f9,60369b57-d42e-4cf5-8c02-8e6f28d825a7,acteur,Lyon
2ed1d67e-a806-4e35-b625-ca2b029e366c,6d9b26e6-e668-441b-80bc-36f1b8cb0e2d,réalisateur,
5b946f8f-76e1-46cd-b2f9-e5f85d10af02,731f8970-90cc-4173-ab8c-6a0d91453014,acteur,Capt. Samuel Beck
695fb599-9b9f-481e-9f62-ce52dddf918c,02a87b57-b8e5-4730-aef2-e31ded2de0ac,réalisateur,
8a121e62-10bc-4dfd-a741-7dd440c467de,28938581-a315-4bbf-901c-568ce241b5f0,réalisateur,
e90836cf-cc5f-477d-9ca1-a44f1bd95abf,c9239136-f8e1-4d4d-8dd9-59970bb6c23a,scénariste,
97d149d2-57d0-489c-93e7-6d8adcc0f9f9,c9239136-f8e1-4d4d-8dd9-59970bb6c23a,réalisateur,
67db43b0-0dc8-4159-8848-98ee0c98f16e,6acdafbf-df9b-474e-90b7-c5138c80b843,acteur,Reggie Hammond
bd4537b9-afdc-494d-ac70-76cab133fa4c,6acdafbf-df9b-474e-90b7-c5138c80b843,acteur,Reggie Hammond
a4edd221-02cc-4d8d-b599-c561004cb38d,6acdafbf-df9b-474e-90b7-c5138c80b843,acteur,Billy Ray Valentine
14e6d221-0a9e-4a3b-a311-ccb05d663b9a,6acdafbf-df9b-474e-90b7-c5138c80b843,acteur,Axel Foley
0855b28a-f73d-4302-8d48-2a2353d08321,6acdafbf-df9b-474e-90b7-c5138c80b843,acteur,Axel Foley
27194226-f829-45e5-87cc-e75c20d1e17d,6acdafbf-df9b-474e-90b7-c5138c80b843,acteur,Chandler Jarrell
0e872cc4-c429-428c-8c71-a62fb4c24c96,44300acc-7c79-4769-8529-0b6f4e83708c,acteur,Charles 'Chappy' Sinclair
d9e484d0-3dcc-49b8-b4bb-c2babe11b19e,44300acc-7c79-4769-8529-0b6f4e83708c,acteur,Charles 'Chappy' Sinclair
4509426e-05d5-487e-8eb1-4b5edfe7492a,e5bae18d-449e-4101-acca-56bc65c4a3d9,acteur,Fred Krugger
6e76b203-3e19-4f72-9980-92752d48809a,8c19b5cd-5a11-47d8-80a8-bc067cbfc0c7,acteur,Charlie
6931e7d6-7d10-4454-8101-3a11734fbdfd,c2ead2b6-4e89-422f-9cea-54d4af804efd,acteur,Patricia Goodwin
2f9676ba-0fba-42cc-b4e9-1a0a48b21260,03bfee64-d1f4-4df9-92af-cefb41238336,acteur,Momma
3d4f7a0a-7288-451e-8e3c-f35028d7581f,03bfee64-d1f4-4df9-92af-cefb41238336,acteur,Mama Fratelli
6e76b203-3e19-4f72-9980-92752d48809a,0b7a3fe3-f303-47dc-9cf0-9ef7404055af,acteur,Carole
6e76b203-3e19-4f72-9980-92752d48809a,9cabf13e-ce81-4ab8-8d9a-71779bbf7201,acteur,Iceman
0159b5a8-6005-48df-8193-4a33c3f3f07a,9cabf13e-ce81-4ab8-8d9a-71779bbf7201,acteur,Madmartigan
0159b5a8-6005-48df-8193-4a33c3f3f07a,c98c8ab6-8fb4-40e7-ab5c-5a8675f75846,acteur,Sorsha
0159b5a8-6005-48df-8193-4a33c3f3f07a,bf8be473-db59-4b98-82c4-929799b69af1,acteur,Willow Ufgood
6e76b203-3e19-4f72-9980-92752d48809a,8e7b80a8-0352-4662-9255-253c748852e3,acteur,Maverick
7ca570a2-2cd8-4f27-a324-d732e9ba3294,aa1551f5-dc8f-459c-8789-e030badce2c7,acteur,Brody
df58b6ff-2faa-4a5e-a125-10fdae3fa7a7,aa1551f5-dc8f-459c-8789-e030badce2c7,acteur,Officer Frank Murphy
3e0b4a6e-ac31-4eea-80c8-23bd7392884c,dbb64dbe-23db-433e-af34-1962bcc0068c,acteur,Wanda Gershwitz
22038333-cf97-4ff0-bb8c-1c418370f2a8,dbb64dbe-23db-433e-af34-1962bcc0068c,acteur,Laurie Strode
8f3d2c9a-7e51-4966-b561-80c59d8bcc31,dbb64dbe-23db-433e-af34-1962bcc0068c,voix,Computer
a4edd221-02cc-4d8d-b599-c561004cb38d,dbb64dbe-23db-433e-af34-1962bcc0068c,acteur,Ophelia
43cf3e92-abba-4b8a-aaeb-b9b124458ea3,dbb64dbe-23db-433e-af34-1962bcc0068c,acteur,Shelly DeVoto
43cf3e92-abba-4b8a-aaeb-b9b124458ea3,cfbc0a1a-6f79-4d89-9412-6de889a7dd84,acteur,Harry Sultenfuss
24c952a2-3133-4767-86f5-e0082341b124,2e24400b-2353-4be5-b6de-746870abf0cc,acteur,Sam Stone
24c952a2-3133-4767-86f5-e0082341b124,0f28abed-ea87-4ebc-830c-31f975f34227,acteur,Barbara Stone
f851fa63-1c5d-473d-9405-375675a20771,b7e61cac-2c3f-4736-a3cc-46edc229e431,acteur,Max
9ab02769-fa4b-41e4-ba7f-17eb8825dfa0,b7e61cac-2c3f-4736-a3cc-46edc229e431,acteur,Max
414ad9e5-b970-4595-8f6c-44ade63b38fc,b7e61cac-2c3f-4736-a3cc-46edc229e431,acteur,Max
b1ef0ebc-8702-4fa0-8976-13d3e3bf26b9,7b146021-19b2-4956-97e9-fd6177845678,acteur,Indiana Jones
ace1de16-80cc-4094-b70a-94401c7d049e,7b146021-19b2-4956-97e9-fd6177845678,acteur,Indiana Jones
428bc8c4-3f25-4a21-862e-f5d4abd1cf2c,7b146021-19b2-4956-97e9-fd6177845678,acteur,Rick Deckard
27737bdf-de50-4367-a306-6fdef9af881e,e98c10cb-0be2-48d9-a5b6-1b8d4387a24a,acteur,Jareth
27737bdf-de50-4367-a306-6fdef9af881e,bf8be473-db59-4b98-82c4-929799b69af1,extra,Goblin Corps
babad69c-d9e9-4668-93da-f12899a80b45,8add261c-9aff-44f2-9aa1-63a3f33eac8d,acteur,Baby Houseman
6d02e5b2-c17b-4d89-9f7c-c626136f0a57,608481e7-befa-4b88-b701-d9fa9830a329,acteur,Sue Charlton
6d02e5b2-c17b-4d89-9f7c-c626136f0a57,f3c5dd03-43b7-4fd1-b88f-0a844a96a2be,acteur,Michael J. 'Crocodile' Dundee
a09cc505-1e03-49ec-9500-63478944a532,373eaca2-1eaa-449d-a24b-1f25af2a2263,acteur,Jean-Claude Dusse
33569568-7c3e-4baa-84a8-cae15dca2350,373eaca2-1eaa-449d-a24b-1f25af2a2263,acteur,Jean-Claude Dusse
2efc6f4f-82cb-4a25-9143-7d6507f14438,9e7fb208-0ecf-4c5c-869c-4298eb9f0a4c,acteur,Seth Brundle
98d9d80d-1d62-4733-8376-8a45c2becbfb,ea853bcb-5133-40e4-9269-735d810c84b2,acteur,Thelma
2efc6f4f-82cb-4a25-9143-7d6507f14438,ea853bcb-5133-40e4-9269-735d810c84b2,acteur,Veronica Quaife
98d9d80d-1d62-4733-8376-8a45c2becbfb,bd7e7669-0007-4cb5-9218-b72163039cf5,acteur,Louise
4d53ce95-43bf-4cfa-9f09-4f1520a006ed,86e66f4c-0b10-46ad-b242-8bdf2d704b46,acteur,Carol Anne Freeling
1a2693ad-3f29-408b-8b7c-b490f2287f7e,86e66f4c-0b10-46ad-b242-8bdf2d704b46,acteur,Carol Anne Freeling
dacfc97e-7ad7-4fe1-ba9a-f1f2e956fa4c,0aad4cbf-f619-4c1f-8bc4-b64de594ffa6,acteur,Alex Owens
d765d21d-1675-46ad-a107-13461fc86157,30e140ad-88c1-47d0-84e2-3a70d8398692,acteur,John Henry Brennick
da9120a9-5384-4692-8032-b7297dcf0250,bd280de3-2180-45ac-9819-0b1a9dcb9ce7,acteur,Capt. Matt Hunter
fb855bea-eec0-4204-be37-7986abaf6887,bd280de3-2180-45ac-9819-0b1a9dcb9ce7,acteur,Pvt. Joe T. Armstrong
06480b5c-ced6-42bc-8bbc-9747023cf799,731f8970-90cc-4173-ab8c-6a0d91453014,acteur,Det. Robert Malone
110d3753-c18e-45b8-9f4d-cf2736abe00a,44300acc-7c79-4769-8529-0b6f4e83708c,acteur,Chappy
a09cc505-1e03-49ec-9500-63478944a532,39f9cb9a-dd57-4941-85b3-e7fbb5f4655c,acteur,Gigi
33569568-7c3e-4baa-84a8-cae15dca2350,39f9cb9a-dd57-4941-85b3-e7fbb5f4655c,acteur,Gigi
a09cc505-1e03-49ec-9500-63478944a532,85e7a0c6-4d33-4e8d-9669-393055db48d4,acteur,Bernard Morin
33569568-7c3e-4baa-84a8-cae15dca2350,85e7a0c6-4d33-4e8d-9669-393055db48d4,acteur,Bernard Morin
a09cc505-1e03-49ec-9500-63478944a532,eca2280e-2f4f-496b-a90e-172f82805fc8,acteur,Nathalie Morin
33569568-7c3e-4baa-84a8-cae15dca2350,eca2280e-2f4f-496b-a90e-172f82805fc8,acteur,Nathalie Morin
ecfc4dc1-57a8-4ef7-978f-0ee5f38843cb,eaf2f2df-36f0-4d6a-ae64-846918cc24e9,acteur,Jean Lucas
51fecd44-437f-490e-9bcd-e3a386e95932,0b221e5e-8824-49f4-bf00-09cffd5f89c2,acteur,François Perrin
a09cc505-1e03-49ec-9500-63478944a532,706ae11c-1c62-4e6b-a864-b1cfb69822a8,acteur,Jérôme Tarere
33569568-7c3e-4baa-84a8-cae15dca2350,706ae11c-1c62-4e6b-a864-b1cfb69822a8,acteur,Jérôme Tarere
e996c8e0-f531-4453-afeb-7496ca7a3179,706ae11c-1c62-4e6b-a864-b1cfb69822a8,acteur,Iouri
b43b7e4f-3e71-45a0-b55e-2b5b82ccae70,eae4c21d-3ea5-4a8e-8765-dc9364ba26ba,acteur,Jerry Dandrige
f97f9b4e-9d81-40ab-a15d-a229e05ed046,96b6fde8-7cb4-4b10-a35d-8e5643da45f9,acteur,Le colonel SS
f97f9b4e-9d81-40ab-a15d-a229e05ed046,85e7a0c6-4d33-4e8d-9669-393055db48d4,acteur,Adolfo Ramirez
f97f9b4e-9d81-40ab-a15d-a229e05ed046,706ae11c-1c62-4e6b-a864-b1cfb69822a8,acteur,Michel Taupin
629a01e7-1e63-407a-b2cd-04ad16438f47,40a8750c-691d-4cc0-a041-fad822a1a9ca,acteur,Richard Raymond
a4bd9509-19e3-476d-848d-518ad20b742c,4233c003-5019-4f58-a2e3-796ffba6a1d8,acteur,Miyagi
80c07340-a069-476a-a0a0-2460dc69b3cc,3ce1e09e-6cb0-4e8e-a426-75ec15c7e690,acteur,Egg Shen
26dfc3f2-ebe2-4410-b84a-8046864f62af,f03d0347-f50b-40e8-a54e-6d4150cf66a1,acteur,Gny. Sgt. Hartman
27194226-f829-45e5-87cc-e75c20d1e17d,3ce1e09e-6cb0-4e8e-a426-75ec15c7e690,acteur,Le vieux mendiant
51fecd44-437f-490e-9bcd-e3a386e95932,eaf2f2df-36f0-4d6a-ae64-846918cc24e9,acteur,Campana
ecfc4dc1-57a8-4ef7-978f-0ee5f38843cb,0b221e5e-8824-49f4-bf00-09cffd5f89c2,acteur,François Pignon
eaf58060-210e-465a-92e4-eed803451813,f959123b-cf39-4894-8212-c30eb613b117,acteur,Roger Cobb
520d36be-24be-4e74-857d-c27b2f9e1f83,57aa6745-b209-4c82-b360-ee72aea696b5,acteur,Murphy / RoboCop
2498a617-cc8d-4ef0-81a4-c992339c957f,82404f5e-59d1-45d6-a0e0-ea07695377bd,acteur,Jesse Wilson
f24aa41e-effb-4ab0-8068-3fd89eaa907e,cb8c4859-720b-4ef4-b1fa-278200594540,acteur,Thomas
e8f50c9e-8e3c-4b73-9e92-562bf984113a,fd6f055c-6de9-4044-b6eb-3bad3fba5968,acteur,Burt
c818af7e-20e9-4172-b022-cb605f235a3f,705e5be2-7781-4305-ae6e-d088a2cbcd0b,acteur,David
318660da-1c50-40f0-9f4c-2291ec6ee0c6,a5b4eea4-8970-4943-ad3a-0e01830f489e,acteur,Lia Rousseau
6da1aacb-3ad5-451a-8314-423bcd8b9209,8c077f12-c8cc-4902-9797-17e29fb22bd8,acteur,Linda
6da1aacb-3ad5-451a-8314-423bcd8b9209,edffc687-a2d7-464c-9210-21eb3f76363a,acteur,Cheryl
428bc8c4-3f25-4a21-862e-f5d4abd1cf2c,cc34b908-947c-499d-a95b-74a87436d2e0,réalisateur,
af80d4cc-e34a-48d0-85ed-a1227216eb88,3dede616-b6db-4963-80d7-7d0bff8bafd2,acteur,Steam Engine Bill
af80d4cc-e34a-48d0-85ed-a1227216eb88,bbe7935d-8c2c-4364-ae51-820c755fc172,acteur,Lucy
af80d4cc-e34a-48d0-85ed-a1227216eb88,c212ad64-fb4f-4af4-bfb8-c2dc312fe480,acteur,Joe Thanks
ace1de16-80cc-4094-b70a-94401c7d049e,8783a35c-79df-4149-a4fa-9f6177429a18,acteur,Marion
b1ef0ebc-8702-4fa0-8976-13d3e3bf26b9,0530881e-bdb6-4514-8f34-d31eaab93f3c,acteur,Willie Scott
1ffb3a43-6fe7-4bb2-82c6-622a79004264,41bde72f-188a-4ccc-a63c-84d188cba9de,acteur,Lindsey Brigman
2efc6f4f-82cb-4a25-9143-7d6507f14438,739e2b08-9991-4dcb-85a2-b7edc6d5337a,acteur,Veronica Quaife
4636157e-7ed8-4472-bd59-cb5442604773,373eaca2-1eaa-449d-a24b-1f25af2a2263,acteur,Bernard Fizet
4636157e-7ed8-4472-bd59-cb5442604773,1daf693b-6969-4269-a9e7-16b8f4933ffe,acteur,Nadine Foulon
cb500bc6-ef03-4205-86fe-33d0c6d2ec11,4288bb07-e9b5-46b1-9c74-64d4ba0600a8,acteur,Sarah
e29b1921-ee51-4b5d-8b1e-a231760e67fa,c212ad64-fb4f-4af4-bfb8-c2dc312fe480,acteur,Trinità
e29b1921-ee51-4b5d-8b1e-a231760e67fa,8dec5ff2-a3f1-4f43-b727-c954e0131efd,acteur,Bambino
33105a50-035c-4b5c-9104-d9e7a86fe421,c212ad64-fb4f-4af4-bfb8-c2dc312fe480,acteur,Trinità
33105a50-035c-4b5c-9104-d9e7a86fe421,8dec5ff2-a3f1-4f43-b727-c954e0131efd,acteur,Bambino
0ae82a80-bedc-4bc2-b6d7-d7eaab3d8bac,cc27938c-b0f3-4120-8b3c-0ed4b0328c1f,acteur,Ted Kramer
0ae82a80-bedc-4bc2-b6d7-d7eaab3d8bac,f83b5489-8fe1-4a0d-854c-176d18455020,acteur,Joanna Kramer
08d8ac52-4e53-4810-abe5-d9fd59025be8,a7e2e550-5eef-4a5d-9327-ecedcbdffbbe,acteur,Hélène Duvernet
08d8ac52-4e53-4810-abe5-d9fd59025be8,373eaca2-1eaa-449d-a24b-1f25af2a2263,acteur,Leroux
6076c30d-c5ab-4e95-971a-425f2f4aa075,f12a25e5-b6b1-48a0-9dd9-11510aa744ee,acteur,Clarice Starling
98d9d80d-1d62-4733-8376-8a45c2becbfb,cc34b908-947c-499d-a95b-74a87436d2e0,réalisateur,
33569568-7c3e-4baa-84a8-cae15dca2350,2a6c8bbd-304d-4201-a977-0ae2243aff05,réalisateur,
a09cc505-1e03-49ec-9500-63478944a532,2a6c8bbd-304d-4201-a977-0ae2243aff05,réalisateur,
08d8ac52-4e53-4810-abe5-d9fd59025be8,2a6c8bbd-304d-4201-a977-0ae2243aff05,réalisateur,
4636157e-7ed8-4472-bd59-cb5442604773,2a6c8bbd-304d-4201-a977-0ae2243aff05,réalisateur,
b1ef0ebc-8702-4fa0-8976-13d3e3bf26b9,9b1e6d17-1190-4933-bd76-bcdc14d46d9b,réalisateur,
ace1de16-80cc-4094-b70a-94401c7d049e,9b1e6d17-1190-4933-bd76-bcdc14d46d9b,réalisateur,
7ca570a2-2cd8-4f27-a324-d732e9ba3294,9b1e6d17-1190-4933-bd76-bcdc14d46d9b,réalisateur,
6e76b203-3e19-4f72-9980-92752d48809a,a29d67e0-fcf0-412d-bff2-5e95eb2704d1,réalisateur,
0855b28a-f73d-4302-8d48-2a2353d08321,a29d67e0-fcf0-412d-bff2-5e95eb2704d1,réalisateur,
3d4f7a0a-7288-451e-8e3c-f35028d7581f,f1cb9ad0-ab39-4516-96e5-87b4ef3fa0b1,acteur,Data
b1ef0ebc-8702-4fa0-8976-13d3e3bf26b9,f1cb9ad0-ab39-4516-96e5-87b4ef3fa0b1,acteur,Demi-Lune
2f9676ba-0fba-42cc-b4e9-1a0a48b21260,2e24400b-2353-4be5-b6de-746870abf0cc,réalisateur,
2efc6f4f-82cb-4a25-9143-7d6507f14438,e713859f-af45-4aa5-941f-2cd359491f1c,réalisateur,
9b4a8296-c6fe-40c6-b1c5-9807b2004976,9ba16814-0229-4025-927c-795cd4d6dd07,acteur,Lincoln Hawk
48535f31-8882-4263-af41-c9c0f87c8a1c,4c6389ca-0333-4abb-b648-c5509ed8a973,acteur,Jean-Jacques 'Gigi' Lestrade
fe63a509-ad1d-4960-b4a9-b704a6aa9ea0,4c6389ca-0333-4abb-b648-c5509ed8a973,acteur,François Beretton
771f7f14-bdbf-4c61-8758-5bd200dbeada,6514c6fb-b221-4485-b409-82cafa2c1706,acteur,Polo
771f7f14-bdbf-4c61-8758-5bd200dbeada,6fdf82d1-1804-4d05-88a7-be92124d54ae,acteur,Louis
1a316e25-c81d-4a98-92ec-7147c6c72ff1,7050e190-24e0-441a-ae1e-dc9d34a25415,acteur,Marie-Ange Musquin
1a316e25-c81d-4a98-92ec-7147c6c72ff1,39f9cb9a-dd57-4941-85b3-e7fbb5f4655c,acteur,Josette
1a316e25-c81d-4a98-92ec-7147c6c72ff1,706ae11c-1c62-4e6b-a864-b1cfb69822a8,acteur,Katia
1a316e25-c81d-4a98-92ec-7147c6c72ff1,85e7a0c6-4d33-4e8d-9669-393055db48d4,acteur,Felix
1a316e25-c81d-4a98-92ec-7147c6c72ff1,6fdf82d1-1804-4d05-88a7-be92124d54ae,acteur,Monsieur Leblé
1a316e25-c81d-4a98-92ec-7147c6c72ff1,96b6fde8-7cb4-4b10-a35d-8e5643da45f9,acteur,Pierre Mortez
1a316e25-c81d-4a98-92ec-7147c6c72ff1,1daf693b-6969-4269-a9e7-16b8f4933ffe,acteur,Thérèse
1a316e25-c81d-4a98-92ec-7147c6c72ff1,373eaca2-1eaa-449d-a24b-1f25af2a2263,voix,Un pervers au téléphone
1a316e25-c81d-4a98-92ec-7147c6c72ff1,8b8a29ff-ad0a-420d-a140-98f89451a24f,acteur,Le pharmacien
f97f9b4e-9d81-40ab-a15d-a229e05ed046,6fdf82d1-1804-4d05-88a7-be92124d54ae,acteur,Guy-Hubert Bourdelle / Super-Résistant
f97f9b4e-9d81-40ab-a15d-a229e05ed046,8b8a29ff-ad0a-420d-a140-98f89451a24f,acteur,Jacques de Frémontel / Félix
f97f9b4e-9d81-40ab-a15d-a229e05ed046,7050e190-24e0-441a-ae1e-dc9d34a25415,acteur,La pharmacienne
f97f9b4e-9d81-40ab-a15d-a229e05ed046,373eaca2-1eaa-449d-a24b-1f25af2a2263,acteur,Le père Leboeuf
f97f9b4e-9d81-40ab-a15d-a229e05ed046,3fb2633e-4857-4d64-8876-763c5adb052c,acteur,Bernadette Bourdelle
f97f9b4e-9d81-40ab-a15d-a229e05ed046,1c087b89-1d64-4072-a1e8-6a2d39cbaf15,acteur,Jean-Robert Bourdelle
f97f9b4e-9d81-40ab-a15d-a229e05ed046,ee7f1acd-faa2-4066-8b4a-b4590fffcfd8,acteur,Le général Herman Spontz
f97f9b4e-9d81-40ab-a15d-a229e05ed046,c9f5529f-40f4-4de9-87db-d4116a69cc1a,acteur,Le maréchal Ludwig von Apfelstrudel
f97f9b4e-9d81-40ab-a15d-a229e05ed046,9cedaa88-2e8f-42b3-8f46-bb4baab9e926,acteur,Un résistant arrêté
f97f9b4e-9d81-40ab-a15d-a229e05ed046,c4b4ee4a-d3bf-4954-b6d6-f57dc71ee41d,acteur,André Bourdelle
f97f9b4e-9d81-40ab-a15d-a229e05ed046,6c59baba-028d-4523-a2a3-e279b5087aa3,acteur,Murat
f97f9b4e-9d81-40ab-a15d-a229e05ed046,965f4fa6-f58a-4f0e-adaf-03a73b98197d,acteur,La Bourdelle
f97f9b4e-9d81-40ab-a15d-a229e05ed046,c31959cd-ddef-4820-a26f-05bd58dda950,acteur,Kluglicht
540ef20e-292e-49ec-b2c4-584501eef931,9541d6e9-f51a-4a09-bf1a-9dfa415d89f3,acteur,Jean-Claude (JC)
3b84cea3-1fc0-46e2-9288-c5bfa0ebf6d9,1e5f3072-3480-440f-9c41-0cfd1d0be07c,acteur,le révérend Frank Scott
46b5ed45-a5bd-4f51-8f0a-54e647ebc7ce,13c26591-04f4-4835-a594-d1ce55e80a50,acteur,l'inspecteur Brunel
a4332d5e-a26f-46dc-9a57-c8ef53f5c3b0,9cc1f810-6a4a-4567-854e-75456a5362a0,acteur,Michael O'Hallorhan le colonel des pompiers
a4332d5e-a26f-46dc-9a57-c8ef53f5c3b0,0f9fb46b-fed1-45a4-9d44-e3b1e30b5623,acteur,Susan Franklin
ac7b9722-cae7-460d-a2d9-bf2594c2f035,2854d6bf-c7b7-43ec-990c-a8a8c5fa10a9,acteur,Jennifer Rispoli Chamberlain
b3b77d09-7b54-4c92-9b52-f71b57202f37,68f6758f-8b82-42fa-8fdb-9f2d6091ce1f,acteur,Kimberly Wells la journaliste de KXLA
b9eaf0c7-062e-4a1c-8431-f51b31088290,55a018ac-eea4-42f9-92b2-671d376bea5d,acteur,Pamela Glover
