film,langue,texte
3d036187-2c03-4831-ac66-6bfdbf91ba1e,deu,"Nach der ersten Begegnung Ripleys mit dem Alien sind 57 Jahre vergangen. Ziellos treibt sie sich immernoch im Kälteschlaf befindlich durchs All. Zufällig wird sie entdeckt und wieder zurück zur Erde gebracht. Ihren Berichten über die Ereignisse mit dem Alien wird zunächst wenig Glauben geschenkt, doch als der Kontakt zu dem mittlweile bevölkerten, aus dem ersten Teil bekannten Planeten abbricht, wird Ripley gebeten zusammen mit einem Trupp Space-Marines nach dem Rechten zu sehen. Sie kommen zu spät - die komplette Kolonie wurde von den Aliens überrannt und das Einsatzteam muss es mit der Übermacht aufnehmen..."
3d036187-2c03-4831-ac66-6bfdbf91ba1e,eng,"When Ripley's lifepod is found by a salvage crew over 50 years later, she finds that terra-formers are on the very planet they found the alien species. When the company sends a family of colonists out to investigate her story—all contact is lost with the planet and colonists. They enlist Ripley and the colonial marines to return and search for answers."
3d036187-2c03-4831-ac66-6bfdbf91ba1e,fra,"Après 57 ans de dérive dans l’espace, Ellen Ripley est secourue par la corporation Weyland‐Yutani. Malgré son rapport concernant l’incident survenu sur le Nostromo, elle n’est pas prise au sérieux par les militaires quant à la présence de xénomorphes sur la planète LV‐426 où se posa son équipage… planète où plusieurs familles de colons ont été envoyés en mission de « terraformage ». Après la disparition de ces derniers, Ripley décide d’accompagner une escouade de marines dans leur mission de sauvetage… et d’affronter à nouveau la Bête."
3d036187-2c03-4831-ac66-6bfdbf91ba1e,heb,"ריפלי, הניצולה היחידה מן הספינה שאליה חדרה המפלצת, מצטרפת כעבור שנים כיועצת למחלקה של חיילים מיומנים היוצאת להשמיד את קרוביה של המפלצת המאיימים להשתלט על מושבה של בני אדם בכוכב לכת מרוחק. סרט ההמשך של ג'יימס קמרון, הנחשב על ידי רבים כפרק הטוב בסדרה, מטפל בנושאים כמו אמהות ופמיניזם מבלי לשכוח להיות עוצר נשימה ומצמרר. וויבר כריפלי מתפקדת כאן כרמבו ממין נקבה."
3d036187-2c03-4831-ac66-6bfdbf91ba1e,ita,"Il ""capitano"" Ellen Ripley, ibernata per sessant'anni in un sofisticato contenitore del traghetto spaziale Nostromo, e quindi rimasta giovane, è l'unica sopravvissuta alla terribile disavventura che ne ha distrutto l'equipaggio e che ora sconvolge le sue notti con incubi ricorrenti, che si riferiscono alle forme mostruose di vita incontrate sul pianeta Archeron, dove ora vive una colonia di pionieri dello spazio. Quando le viene affidata la missione di scoprire il perchè sia stato misteriosamente interrotto il contatto con quel remoto pianeta, Ellen si trova ad affrontare le spaventose proliferazioni del mostro da cui era avventurosamente sfuggita. Allora infatti c'era un solo alieno, ora vivono là innumerevoli mostruosi alieni, che si riproducono con ritmo frenetico, sempre più avidamente affamati di essere umani."
3d036187-2c03-4831-ac66-6bfdbf91ba1e,jpn,"冷凍睡眠のまま宇宙を漂流していたリプリーは奇跡的に宇宙船に救出される。地球に戻った彼女は貨物船で起こったエイリアンによる恐ろしい出来事を語る。リプリーが漂流していた間にエイリアンを発見した小惑星は地球の殖民惑星となっていた事を知りエイリアン殲滅を訴える。しかしエイリアンを兵器として利用したい企業に拒まれてしまう。その時小惑星より連絡が途絶えたことからアメリカ海兵隊が住民救出に向かうが同乗したリプリーの話をまともに聞かなかった兵士達だが、凶悪生命体エイリアンを目の当たりにし一気に追い詰められてゆく。"
3d036187-2c03-4831-ac66-6bfdbf91ba1e,spa,"Alien es un organismo perfecto, una máquina de matar cuya superioridad física sólo puede competir con su agresividad. La oficial Ripley y la tripulación de la nave “Nostromo” se habían enfrentado, en el pasado, a esa monstruosa criatura. Y sólo Ripley sobrevivió a la masacre. Después de vagar por el espacio durante varios años, Ripley fue rescatada. Durante ese tiempo, el planeta de Alien ha sido colonizado. Pero, de repente, se pierde la comunicación con la colonia y, para investigar los motivos, se envía una expedición de marines espaciales, capitaneados por Ripley. Allí les esperan miles de espeluznantes criaturas. Alien se ha reproducido y esta vez la lucha es por la supervivencia de la Humanidad."
3d036187-2c03-4831-ac66-6bfdbf91ba1e,tur,"Nostromo'dan kurtulan tek kişi olan Teğmen Ellen Ripley, yarım yüzyıllık derin uykusundan uyandırılarak dünyaya getirilir. Bu sırada yaratıkları buldukları gezegenin sonradan kolonileştirildiği ve insanların yaşadığını öğrenir. Söz konusu koloniden bir süredir haber alınamamaktadır ve Ripley, uzman bir komando ekibi ile yaratıkları yoketmeye ve sağ kalanları kurtarmaya gider.Alien konseptine yönetmen James Cameron'ın yaklaşımı ve ortaya çıkan belki de serinin en iyi filmi.1987'de 7 dalda Oscar'a aday olan film, en iyi görsel efekt ve en iyi ses efekti dallarında bu ödüle layık görülmüştü."
4636157e-7ed8-4472-bd59-cb5442604773,fra,"Après cinq ans de vie commune, un médecin, Bernard se fait plaquer par sa femme. Une nuit, il rencontre Nadine,photographe de mode, qui se trouve être sa voisine de palier. Déprimée par le chaos de sa vie sentimentale, elle lie avec Bernard une réelle complicité. Un soir, leur amitié dérape, ils se retrouvent dans le même lit. Ce qu'ils regrettent tous les deux ..."
df58b6ff-2faa-4a5e-a125-10fdae3fa7a7,fra,"Frank Murphy, un ancien du Vietnam, est choisi pour être le pilote du Tonnerre de feu, hélicoptère doté d'une force de frappe exceptionnelle et spécialement conçu pour tout voir et tout entendre…"
278988e2-b6e2-4bec-9f37-3f4fadda6454,fra,"James Braddock, colonel des Forces Spéciales Américaines, est retenu dans un camp de prisonniers vietnamien. Après s'être évadé, il se voit confier la mission de localiser et de sauver un groupe d'hommes portés disparus."
08d8ac52-4e53-4810-abe5-d9fd59025be8,fra,"Les inspecteurs Leroux et Pélissier enquêtent chez la propriètaire d'une galerie d'art contemporain, Hélène Duvernet, soupçonnée d'être mêlée à un trafic de tableaux volés. Pélissier ne la croit pas impliquée tandis que Leroux à la fois intrigué et attiré par la jeune femme, la suit partout et en tombe amoureux. Il finit par la prendre ne flagrant délit et lorque son amant meurt accidentellement, il l'aide à se débarasser de son corps."
f97f9b4e-9d81-40ab-a15d-a229e05ed046,fra,"Héléna Bourdelle, dite « La Bourdelle », est une grande cantatrice et l'épouse du maestro André Bourdelle. Engagé dans la résistance, celui-ci est tué par l'explosion d'une grenade. Suite à la défaite, la famille Bourdelle voit très vite son hôtel particulier investi par les forces allemandes. Se plaignant à la Kommandantur des excès commis, la Bourdelle, ses filles et leur locataire aident par hasard un soldat anglais à s'évader et sont ensuite obligés de le cacher."
49006841-5ff8-4149-8c0a-1b87a158392f,fra,"Michael Brody et Sean Brody, les deux fils du chef de la police Martin Brody de la ville plaisancière d'Amytiville, ont bien grandis. Après que leur père ait affronté deux foix la terreur des mers, le Grand Requin Blanc, une espèce animale mangeuse d'hommes de plus de sept mètres de long, ils se sont installés en Floride où ils travaillent pour un célèbre parc aquatique englouti dans la mer, dirigé par Calvin Bouchard.Peu de temps après l'ouverture du parc, l'équipe récupère dans les fonds marins un bébé requin, qui meurt sur les tables du laboratoire scientifique du parc.La mère du requin veut récupérer son petit, et elle sait qu'il se trouve quelque part dans le parc. Celle-ci décide donc de passer à l'attaque et de détruire le Sea World..."
a4edd221-02cc-4d8d-b599-c561004cb38d,fra,"D'un côté, Louis Winthorpe III, un jeune directeur, est chargé des investissements chez Duke & Duke, une puissante banque de Philadelphie. De l'autre, Billy Ray Valentine est un noir combinard mais fauché. Tous deux vont faire l'objet d'un pari insensé, passé entre les patrons de Louis."
1a316e25-c81d-4a98-92ec-7147c6c72ff1,fra,"Le soir de Noël, Pierre et Thérèse s’apprêtent à assurer la permanence de «S.O.S. Détresse‐Amitié». Thérèse reçoit un appel de son amie Josette, une jeune clocharde qui vient de quitter Félix, son miteux compagnon. Déguisé en père Noël, celui‐ci avait passé la soirée à distribuer des prospectus sur le trottoir d’un grand magasin jusqu’à ce que le gérant le renvoie…"
1e94a4eb-3268-4e30-81a2-56cac00d56ea,fra,"Conan se voit confier par la maléfique reine Taramis la mission d’escorter le princesse Jehnna, chargée d’aller voler la corne du dieu Dagoth. En récompense : le retour à la vie de Valéria, la femme qu’il aimait, morte dans le premier épisode. Mais derrière les motifs apparents de cette excursion, la reine cache‐t‐elle pas de plus noirs desseins ?"
ecfc4dc1-57a8-4ef7-978f-0ee5f38843cb,fra,"Tristan Martin, un adolescent de 17 ans, fait une fugue, au désespoir de sa mère Christine. Pour le retrouver, celle-ci envoie deux de ses anciens amants, en leur faisant croire que l'un d'entre eux est peut-être le père. Transportés par leur soudaine paternité, ces derniers deviennent de fins limiers."
e155fb8f-15f9-4285-a742-7cc2a54aabcf,fra,"Rand Peltzer offre à son fils Billy un étrange animal : un mogwai. Son ancien propriétaire l'a bien mis en garde : il ne faut pas l'exposer à la lumière , lui éviter tout contact avec l'eau , et surtout, surtout, ne jamais le nourrir après minuit... Sinon..."
8cf850f7-427a-4b4e-83f8-57690c774a37,fra,"Joan Wilder, une romancière, doit rapporter à sa sœur, kidnappée en Colombie, une carte que lui a expédié le mari de cette dernière peu avant d'être retrouvé mort. Après s’être trompé d’autocar à l’aéroport, elle rencontre un aventurier nommé Jack Colton. Celui‐ci devine que la carte décrit la cachette d’un trésor qu’ils vont se mettre à chercher ensemble : le diamant vert."
771f7f14-bdbf-4c61-8758-5bd200dbeada,fra,"Sous les barreaux depuis cinq ans, Marthe, une prostituée, ne décolère pas d'avoir été enfermée pour un crime qu'elle n'a pas commis. Enfin libérée, la jeune femme décide de se venger et de retrouver le vrai coupable, son proxénète. Mais en chemin vers Nantes, dans un train, Marthe est troublée par Louis Paimboeuf, un charmant professeur d'histoire."
890aa7dd-1bdb-468e-a6f3-c4ca7cf02c3a,fra,"Dans les quartiers populaires de Philadelphie, Rocky Balboa collecte des dettes non payées pour Tony Gazzo, un usurier, et dispute de temps à autre, pour quelques dizaines de dollars, des combats de boxe sous l'appellation de 'l'étalon italien'. Déçu de le voir gâcher son talent, son entraîneur Mickey le laisse tomber, tandis qu'Apollo Creed, champion en titre, cherche un nouveau challenger..."
14e6d221-0a9e-4a3b-a311-ccb05d663b9a,fra,"Axel Foley, ancien voyou, est maintenant un des flics les plus efficaces de Detroit. Et même si ses méthodes sont loin d'être traditionnelles, ses supérieurs sont bien obligés de reconnaître ses qualités. Axel retrouve un ami d’enfance, mais celui-ci est assassiné le jour de leurs retrouvailles. L'enquête lui étant refusée, Axel prend ses congés et se lance à la poursuite du meurtrier. Le petit flic de Detroit se retrouve à Beverly Hills, entraîné dans le milieu des dealers et des truands…"
94666aeb-13c6-47d8-a8c9-6051636b6102,fra,"John Rambo, ancien combattant du Viêt-nam où il a gagné plusieurs médailles, est arrêté dans une petite ville pour vagabondage. Maltraité, il décide de fuir. La chasse à l’homme commence..."
9ab02769-fa4b-41e4-ba7f-17eb8825dfa0,fra,"Dans un futur non défini, les réserves de pétrole sont épuisées et la violence règne sur le monde. Max, un ancien de la sécurité routière, se porte aux secours d'une communauté de fuyards aux prises avec des pirates de la route. La bataille se concentre autour d'une citerne de raffinerie."
7ca570a2-2cd8-4f27-a324-d732e9ba3294,fra,"À quelques jours du début de la saison estivale, les habitants de la petite station balnéaire d'Amity sont mis en émoi par la découverte sur le littoral du corps atrocement mutilé d'une jeune vacancière. Pour Martin Brody, le chef de la police, il ne fait aucun doute que la jeune fille a été victime d'un requin. Il décide alors d'interdire l'accès des plages mais se heurte à l'hostilité du maire uniquement intéressé par l'afflux des touristes. Pendant ce temps, le requin continue à semer la terreur le long des côtes et à dévorer les baigneurs..."
dacfc97e-7ad7-4fe1-ba9a-f1f2e956fa4c,fra,"Énorme succès au box office, Flashdance est l’irrésistible histoire d’Alex Owens (Jennifer Beals), jeune beauté de 18 ans, pleine de résolution, soudeuse la journée et danseuse dans un cabaret le soir. Une bande son qui a marqué les années 80, avec les fameux airs “Flashdance” chanté par Irène Cara et “Maniac” chanté par Michael Sembello. Suivons Alex qui se bat pour son indépendance, pour trouver l’amour et réaliser son rêve : danser au Conservatoire de Pittsburg. Un véritable film culte !"
67db43b0-0dc8-4159-8848-98ee0c98f16e,fra,"Deux meurtriers sont pourchassés par la police, alors qu’ils recherchent le butin d’un casse commis par Reggie Hammond, un de leurs anciens complices actuellement emprisonné. Pour les retrouver, l’inspecteur de police Jack Cates a besoin de l’aide de Reggie. Il va le voir en prison pour solliciter sa collaboration mais Hammond négocie son aide contre une permission de sortie. Jack va donc faire en sorte que Reggie soit en liberté surveillée pendant 48 heures, durant lesquelles il va tenter de l’aider à retrouver ses anciens complices..."
1a2693ad-3f29-408b-8b7c-b490f2287f7e,fra,"La famille Freeling mène une vie tranquille et prospère dans la petite ville de Cuesta Verde. Cependant, leur maison devient le théâtre d'étranges phénomènes quand des objets commencent à se déplacer et que le sol se met à trembler. Une nuit, la petite Carol Anne disparaît et se met à communiquer avec ses parents à travers la télévision..."
59b41a22-7f4f-45f2-bb9e-5397fb3a6408,fra,"Encore enfant, Conan assiste impuissant au massacre de ses parents par le cruel Thulsa Doom, et est réduit en esclavage. Enchaîné à la roue de douleur, il y acquiert une musculature peu commune qui lui permet, adulte, de gagner sa liberté comme lutteur. Désireux d’assouvir sa soif de vengeance, il part accompagné de deux voleurs, Subotai et Valeria, à la recherche de Thulsa Doom…"
c818af7e-20e9-4172-b022-cb605f235a3f,fra,"En pleine guerre froide, un adolescent pirate sans le savoir le système informatique militaire américain géré par une intelligence artificielle qui se prend dangereusement au jeu d'une guerre thermonucléaire globale contre le bloc de l'Est..."
c8569fc1-cf9f-4f55-9c6c-d100595847f6,fra,"À Los Angeles en 1984, un Terminator, cyborg surgi du futur, a pour mission d'exécuter Sarah Connor, une jeune femme dont l'enfant à naître doit sauver l'humanité. Kyle Reese, un résistant humain, débarque lui aussi pour combattre le robot, et aider la jeune femme..."
8f3d2c9a-7e51-4966-b561-80c59d8bcc31,fra,"1997, Manhattan est une ville-prison où sont enfermés 3 millions de prisonniers. Victime d’un attentat, l’avion du Président des États-Unis s’écrase dans Manhattan. Snake Plissken est chargé de le retrouver et le ramener sous 24 heures. Passé ce délai, les implants qu’il a dans la tête exploseront…"
fb74c2f9-8ef1-433e-a067-746b5e0bfd59,fra,"Une soucoupe volante atterrit en pleine nuit près de Los Angeles. Quelques extraterrestres, envoyés sur Terre en mission d’exploration botanique, sortent de l’engin, mais un des leurs s’aventure au-delà de la clairière où se trouve la navette. Celui-ci se dirige alors vers la ville. C’est sa première découverte de la civilisation humaine. Bientôt traquée par des militaires et abandonnée par les siens, cette petite créature apeurée se nommant E.T. se réfugie dans une résidence de banlieue. Elliot, un garçon de dix ans, le découvre et lui construit un abri dans son armoire. Rapprochés par un échange télépathique, les deux êtres ne tardent pas à devenir amis. Aidé par sa sœur Gertie et son frère aîné Michael, Elliot va alors tenter de garder la présence d'E.T. secrète."
ec6a42ec-6c44-495f-beca-ecc4c3dc093e,fra,"Battu aux points lors de son dernier combat, Rocky n'accepte pas cette défaite et ne veut plus entendre parler de boxe. Il épouse Adrian, dépense sa fortune sans compter et bientôt se retrouve sans le sou. Poussé a bout par Apollo, qui veut disputer un vrai match il accepte de jouer la revanche..."
48535f31-8882-4263-af41-c9c0f87c8a1c,fra,"Gigi a tout pour plaire aux femmes et au fisc : une clinique vétérinaire, une grosse cylindrée, une belle maison, ainsi que la vie mondaine qui se doit d'accompagner ces biens matériaux. Un beau jour tranquille, une inspectrice des Impôts, dont c'est le premier contrôle, débarque chez lui..."
a9f73754-847d-43b7-9529-bfe7fecd487f,fra,"Une équipe de recherche américaine, basée en Antarctique, est attaquée par une créature capable de prendre l'apparence de ses victimes."
428bc8c4-3f25-4a21-862e-f5d4abd1cf2c,fra,"2019, Los Angeles. La Terre est surpeuplée et l’humanité est partie coloniser l’espace. Les nouveaux colons sont assistés de Replicants, androïdes que rien ne peut distinguer de l'être humain. Conçus comme de nouveaux esclaves, certains parmi les plus évolués s’affranchissent de leurs chaînes et s’enfuient. Rick Deckard, un ancien Blade Runner, catégorie spéciale de policiers chargés de "retirer" ces replicants, accepte une nouvelle mission consistant à retrouver quatre de ces individus qui viennent de regagner la Terre après avoir volé une navette spatiale."
2f9676ba-0fba-42cc-b4e9-1a0a48b21260,fra,"Le professeur Larry Donner et son étudiant Owen Lift ont un point commun : les femmes de leur vie les rendent fous ! L'ex-femme de Larry, Margaret a volé le roman de son mari pour en faire son propre best-seller, quant à Owen, il vit avec sa mère qui est un véritable monstre. Mais Owen a un plan pour régler définitivement le problème : tuer Margaret tandis que Larry s'occupera de sa mère..."
3d4f7a0a-7288-451e-8e3c-f35028d7581f,fra,"Lorsqu’un groupe de promoteurs décide de racheter le quartier des Goonies (les crétins) pour le démolir et construire un parcours de golf, ces derniers décident de se faire une dernière virée ensemble. Ils suivent une vieille carte au trésor qui les mène dans une série de cavernes souterraines construites au XVIIe siècle par un pirate légendaire nommé Willy-le-Borgne. Les Fratelli, famille de criminels recherchée par la police, sont aussi à la recherche du trésor."
e996c8e0-f531-4453-afeb-7496ca7a3179,fra,"Kiev, 1984. Iouri (Christian Clavier) organise un concert pour sa fiancée, la grande chanteuse Tatiana Féodorova (Agnès Soral). Alors que le concert se déroule sans embûche, les parents de Tatiana débarquent à l'improviste et demandent à Iouri de les cacher parce qu'ils sont recherchés par le KGB."
13ee2642-1e88-4b5b-9e0e-1ca8940c8a2e,fra,"En 1953 est tentée l'experience de donner naissance a un être exceptionnel, compose des gènes de 6 hommes aux multiples qualités. Malheureusement, la mère porteuse donne naissance à deux jumeaux très différents l'un de l'autre qui lui sont enlevés et separés. Ils finissent par se retrouver et s'entendre malgré leurs differences."
1df31ff4-6bf4-4cdd-b8ed-2f8067a8d5db,fra,"Dans la ville de Tombstone en Arizona, une véritable terreur règne sous l'égide d'une brochette de malfrats, d'assassins et de psychopathes. Quand l'ancien marshal de Dodge City, Wyatt Earp, vient y chercher une vie paisible, il se rend compte que ce ne sera pas une mince affaire. Avec son frère, Virgil, ils décident de prendre les choses en main en devenant shérifs."
770074ee-584e-41cb-8e15-fbd11247a4f1,fra,"La soudaine recrudescence de phénomènes paranormaux inquiète les habitants de New York. Des revenants sèment la pagaille dans les rues de la ville ! Peter, Raymond et Egon, trois jeunes chercheurs en parapsychologie, décident de monter leur propre entreprise : SOS Fantômes. Les ectoplasmes n'ont qu'à bien se tenir car nos trois joyeux lurons se feront un plaisir de les capturer à l'aide de leur équipement électronique dernier cri."
1a824fa6-2716-4362-b09a-308fac8ff3fa,fra,"Depuis plusieurs mois, une mystérieuse série d’assassinats d’une sauvagerie sans précédent est commise dans la ville. La police à bout de ressources fait appel au lieutenant Marion Cobretti, dit Cobra, un flic de choc qui vient de mettre fin à une prise d’otages dans un supermarché…"
034b76fb-c0f0-43d1-bcd9-66b412bc5091,fra,"À la fin du XX Ie siècle, les Terriens et les habitants de la lointaine planète Dracon s'affrontent pour la conquête de l'espace. Au cours d'un combat, Davidge, un pilote américain, est abattu sur la planète Fyrine IV en même temps qu'un Drac. D'abord hostiles, ils vont être obligés de cohabiter face aux menaces extérieures."
33105a50-035c-4b5c-9104-d9e7a86fe421,fra,"Trinita et Bambino, selon la dernière volonté de leur défunt père, deviennent deux brigands parcourant l'Ouest américain. Ils décident pourtant de protéger et d'aider une modeste famille de paysans."
b3b77d09-7b54-4c92-9b52-f71b57202f37,fra,"Une journaliste et son caméraman filment clandestinement un incident dans une centrale nucléaire. Le reportage, jugé trop brûlant, est refusé par la télévision."
4509426e-05d5-487e-8eb1-4b5edfe7492a,fra,"Avec son gant aux griffes aiguisées, un assassin défiguré du nom de Freddy Krueger rôde dans la nuit, et transforme les pires cauchemars de ses victimes en réalité. Pour rester en vie, il faut rester éveillé..."
3c263c09-6fdb-4070-9a0a-8ee7357a2bc6,fra,"Jack l’aventurier et Joan la romancière se lance dans une nouvelle aventure qui cette fois‐ci va les mener aux portes du désert, dans le palais du prince Omar. Les premiers jours idylliques de ce séjour vont être remplacés par une réalité tout autre : l’émir est un tyran de la pire espèce. Gardant jalousement son trésor secret, « le diamant du Nil », les deux aventuriers veulent à tout prix mettre la main sur le précieux objet."
27d9fcf0-8a76-4bf4-877e-8e2e2a8b27ce,fra,"Londres, en 1870. John Watson, fils d'un médecin de campagne fraîchement débarqué de ses solitudes provinciales, découvre les couloirs et les brumes de son nouveau collège. Il se retrouve nez à nez avec un curieux hurluberlu, son nouveau condisciple, qui semble tout savoir de lui sans l'avoir pourtant jamais rencontré. Ainsi naît une amitié. Watson découvre rapidement que son nouveau compagnon, Sherlock Holmes, se pique de résoudre les énigmes les plus extravagantes et qu'aiguillonné par son rival dans le coeur de la belle Elizabeth, Dudley, il se révèle fort capable de devancer la police dans la solution d'un curieux suicide. L'oncle d'Elizabeth venant à mourir, victime d'une sarbacane, le trio reprend du service, en dépit des protestations de Watson, qui voudrait bien devenir médecin..."
b1ef0ebc-8702-4fa0-8976-13d3e3bf26b9,fra,"L’archéologue Indiana Jones est obligé de fuir un cabaret de Shanghai après une négociation houleuse. En compagnie de la chanteuse Willie Scott et du petit Short Round, il se retrouve sur un glacier himalayen, dans un village dont une secte a dérobé le diamant magique et enlevé les enfants afin de les sacrifier."
3b84cea3-1fc0-46e2-9288-c5bfa0ebf6d9,fra,"Alors que les passagers du Poséidon, yacht luxueux en croisière vers l'Israël, s'apprêtent à fêter le réveillon, une catastrophe se prépare : un raz-de-marée a soulevé un mur d'eau de plusieurs dizaines de mètres de hauteur. Instantanément retourné, le paquebot commence à sombrer. Une course contre la montre s'engage alors pour les survivants, qui cherchent désespérément à rejoindre une issue..."
ac7b9722-cae7-460d-a2d9-bf2594c2f035,fra,"Les passagers du train Genève - Stockholm sont exposés à une maladie mortelle particulièrement contagieuse. Le colonel Stephen Mackenzie décide de mettre le train en quarantaine et de le détourner vers un centre pour la décontamination. Mais sur le trajet, il y a un vieux pont désaffecté : le pont de Cassandra..."
a4332d5e-a26f-46dc-9a57-c8ef53f5c3b0,fra,"San Francisco ne vit plus que pour son nouveau building construit tout récemment au cœur de la ville. Un soir alors que la fête bat son plein pour l'inauguration de ce plus grand gratte-ciel du monde, un incident notable vient à se produire. Un simple court-circuit va transformer la somptueuse soirée d'inauguration en un terrible cauchemar : quand le feu commence à se propager, il est trop tard pour s'échapper."
98d9d80d-1d62-4733-8376-8a45c2becbfb,fra,"Deux amies, Thelma et Louise, frustrées par une existence monotone l'une avec son mari, l'autre avec son petit ami, décident de s'offrir un week-end sur les routes magnifiques de l'Arkansas. Premier arrêt, premier saloon, premiers ennuis et tout bascule. Un événement tragique va changer définitivement le cours de leurs vies."
27194226-f829-45e5-87cc-e75c20d1e17d,fra,"Détective privé de Los Angeles spécialisé dans le rapt et les disparitions d'enfants, Chandler Jarrell est contacté par une secte tibétaine pour retrouver l'Enfant Sacré qui a été enlevé par les sbires sataniques de Sardo Mumpsa. Il a d'abord du mal à croire la jolie Kee Nang, mais il se laisse convaincre et, après avoir été initié par la mystérieuse Kala et l'honorable Docteur Hong, il se lance dans une lutte particulièrement dangereuse."
e29b1921-ee51-4b5d-8b1e-a231760e67fa,fra,"Trinita et Bambino sont deux demi-frères aux physiques et caractères diamétralement opposés. Ensemble, ils tentent de repousser les assauts de bandits mexicains venus attaquer une colonie de mormons."
3e0b4a6e-ac31-4eea-80c8-23bd7392884c,fra,"Wanda, Ken, Otto et George viennent d'accomplir un joli hold up. Mais George, très vite dénoncé par Wanda et Otto, finit en prison. Or, lui seul connaît l'endroit où sont cachés les diamants qui constituent le butin. Wanda décide de séduire Archie Leach, un avocat très traditionnel, coincé et marié à une femme snob, afin qu'il fasse libérer George de prison..."
0159b5a8-6005-48df-8193-4a33c3f3f07a,fra,"Il était une fois un royaume peuplé de petits habitants appelés les Nelwyns. Ce peuple paisible était dominé de temps immémorial par les Daikinis, gens de grand taille gouvernés par la cruelle reine Bavmorda. Or il advint qu’un prophète annonçât la naissance d’une princesse appelée à détrôner Bavmorda. La terrible reine ordonna alors de tuer céans tous les nouveau-nés du royaume. Elora échappa au massacre et ce fut Willow, un jeune Nelwyn féru de magie, qui la recueillit. Mais Bavmorda n’avait pas dit son dernier mot…"
1ffb3a43-6fe7-4bb2-82c6-622a79004264,fra,"Un commando de la Marine américaine débarque à bord de la station de forage sous-marine DeepCore afin de porter secours à un sous-marin échoué dans les profondeurs. L'équipe de Bud Brigman accueille ces nouveaux arrivants, ainsi que Lindsey, future ex-femme de Bud. Alors que les travaux de récupération commencent autour du submersible naufragé, l'équipage de DeepCore doit faire face à des phénomènes inexpliqués. Et s'ils n'étaient pas seuls dans les abysses ?"
babad69c-d9e9-4668-93da-f12899a80b45,fra,"En 1963. Bébé – de son vrai prénom Frédérique – fille d’une riche famille, passe ses vacances avec ses parents et sa sœur à la pension de la famille Kellerman dans l’État de l’Oregon. Elle va être confrontée à un monde qui lui est complètement étranger, celui de la danse, et vivre une histoire d’amour avec Johnny, l’un des professeurs de danse de l’établissement, issu d’un milieu social très différent. Film à petit budget d’Émile Ardolino, il deviendra l’un des plus grand succès des années 80."
f24aa41e-effb-4ab0-8068-3fd89eaa907e,fra,"Un jeune garçon, sa mère et son Papy habitent dans un bâtiment grand comme un château. Il aime jouer ´des attaques´ comme Rambo ou comme un ninja. Il aime aussi les jouets électriques et le minitel. La mère est la propriétaire d'un grand magasin. Le jour avant la veille de noël, dans le magasin, un homme solitaire travaille comme père noël. Suite à une altercation avec un client, il se fait renvoyer. Il veut se venger. Il monte un camion qui porte des cadeaux au château. Là, le jeune garçon les attend."
2bd8cc93-eb2b-4afa-ae0b-786e7ae60211,fra,"Connor MacLeod est un immortel. Il traverse les Ages depuis son Écosse de 1536, multipliant les rencontres, les expériences et les combats... Car depuis plus de 400 ans MacLeod affronte dans des luttes sans merci d'autres immortels pour remporter Le Prix. Le seul moyen de les tuer est de leur trancher la tête et c'est ce qu'il s'évertue à faire depuis des siècles tout comme son ennemi juré : le Kurgan. Un guerrier sadique ayant tué la majorité des immortels. C'est dans le New York de 1986 que MacLeod prépare le combat ultime qui fera de lui le dernier des immortels. Il ne peut en rester qu'un."
d8e8472a-a08d-4c0a-a68f-9c058a83dc27,fra,"Après avoir purgé une peine légère, Frank Leone est sur le point de quitter la prison. Mais Drumgoole, le gardien de l'établissement humilié dans le passé par Frank Leone, entend ne pas laisser sortir son prisonnier si facilement."
4dafc2bb-39bd-4cc7-ad8a-76e74f377aeb,fra,"Dans les quartiers populaires de Philadelphie, Rocky Balboa collecte des dettes non payées pour Tony Gazzo, un usurier, et dispute de temps à autre, pour quelques dizaines de dollars, des combats de boxe sous l'appellation de 'l'étalon italien'. Déçu de le voir gâcher son talent, son entraîneur Mickey le laisse tomber, tandis qu'Apollo Creed, champion en titre, cherche un nouveau challenger..."
2efc6f4f-82cb-4a25-9143-7d6507f14438,fra,"Seth Brundle est un jeune biologiste très doué. Après avoir fait ses premières armes dans une brillante équipe, il se décide à travailler seul. Il met au point une invention qui doit révolutionner le monde : la "téléportation" qui consiste à transporter la matière à travers l'espace. Les essais sur un babouin sont peu convaincants et après des fuites dans la presse, il décide de se téléporter lui-même. Seulement il ne s'apercoit pas qu'une mouche fait partie du voyage."
27737bdf-de50-4367-a306-6fdef9af881e,fra,"Une toute jeune fille romantique se sentant mal à l’aise dans sa famille s’évade en lisant des contes fantastiques. Son livre favori « le Labyrinthe » lui ouvre une nuit les portes d’un autre monde. Sarah voit son jeune frère, Toby, enlevé par une troupe de lutins aux ordres du séduisant et cruel Jareth. Elle part au secours de l’enfant et pénètre dans le labyrinthe qui mène au palais du ravisseur. « Labyrinthe est à la fois un récit d’aventures et une plongée dans les rêves et les sentiments d’une jeune fille au seuil de la maturité. »"
9da54652-3655-4cc3-87ce-8e3e4a5d36f5,fra,"Faisant équipe avec Kalidor, un valeureux guerrier, Red Sonja souhaite venger la mort de ses parents tués par la reine Gedren et mettre fin à son désir de conquérir le monde grâce aux pouvoirs d’un talisman."
2498a617-cc8d-4ef0-81a4-c992339c957f,fra,"Un groupe de jeunes découvre par hasard un cylindre contenant un cadavre en décomposition et répand accidentellement dans l'air le 2-4-5 Trioxen. Ce gaz redonne vie aux habitants du cimetière avoisinant..."
8a121e62-10bc-4dfd-a741-7dd440c467de,fra,"Dans le but de retrouver son père, célèbre professeur d'archéologie disparu depuis des mois, la belle Jesse Huston fait appel à Allan Quatermain, un intrépide aventurier."
6da1aacb-3ad5-451a-8314-423bcd8b9209,fra,"Cinq jeunes vacanciers s’installent dans une baraque au cœur d’une sinistre forêt. En descendant dans une cave lugubre, les deux garçons de la bande découvrent un vieux magnétophone qui une fois remis en marche, émet une incantation magique. Laquelle réveille les forces du mal, déclenchant ainsi une horreur sans nom…"
26dfc3f2-ebe2-4410-b84a-8046864f62af,fra,"Pendant la guerre du Viêt Nam, la préparation et l’entraînement d’un groupe de jeunes marines, jusqu’au terrible baptême du feu et la sanglante offensive du Tết à Hue, en 1968."
414ad9e5-b970-4595-8f6c-44ade63b38fc,fra,"Max, de retour, s'est fait dépouiller de son maigre bien. Suivant le voleur, il arrive à la Ville du Troc, où règne Entity. Celle-ci l'engage pour qu'il la débarrasse de Master et Blaster, rois du Monde souterrain. N'ayant voulu tuer Blaster, Max est abandonné en plein désert, d'où il ressurgit à la tête d'une troupe d'enfants pour faire exploser la Ville du Troc."
b43b7e4f-3e71-45a0-b55e-2b5b82ccae70,fra,"Charlie Brewster est un adolescent sans histoire. Il partage sa vie entre sa mère, sa petite amie, ses copains et ses séries préférées à la télévision sur les films d'horreur de série B. Tout va être bouleversé lorsqu'il va découvrir que son nouveau et séduisant voisin est un monsieur qui a les dents longues… Qui va croire Charley ?"
629a01e7-1e63-407a-b2cd-04ad16438f47,fra,"Deux cents ans après le lancement de la dernière bombe atomique, un groupe de personnes affamées s'introduit dans un bâtiment d'une ville abandonnée. Le groupe est alors attaqué par des rats géants et également affamés..."
695fb599-9b9f-481e-9f62-ce52dddf918c,fra,"Les nouvelles aventures d'Allan Quatermain et de Jessie Huston , désormais sa compagne. Alors qu'il s'apprêtent à partir aux Etats-Unis pour se marier, un homme grièvement blessé surgit. Allan recueille alors les confessions du mourant..."
412db3da-061b-4b62-9015-00649a08eb45,fra,"John Rambo purge une peine de prison lorsque le Colonel Trautman lui donne la possibilité de sortir pour une mission délicate : avoir la preuve qu'il reste bel et bien des prisonniers américains au Vietnam.Supposé n'être qu'un observateur, Rambo désobéit aux ordres et tente de sauver un prisonnier. Murdock, le responsable de la mission, décide alors de l'abandonner en territoire ennemi, Rambo, seul, sans armes et face à l'ennemi, prépare sa vengeance et son retour au pays."
0ae82a80-bedc-4bc2-b6d7-d7eaab3d8bac,fra,"Exaspérée par les priorités professionnelles de son mari, Joanna Kramer quitte son mari Ted et leur fils Billy. Le père doit alors concilier l'éducation de son fils et son travail de publicitaire mais parvient à tisser une relation très forte avec Billy. Quelques mois plus tard, Joanna est de retour et entame une procédure judiciaire pour obtenir la garde de l'enfant."
0ae7f4b9-cd5d-4740-ab4b-24d5faeac626,fra,"Nick Curran, inspecteur de police à San Francisco, enquête sur le meurtre d'une star du rock, Johnny Boz, tué de trente et un coups de pic à glace par une inconnue alors qu'il faisait l'amour. Nick apprend que le chanteur fréquentait Catherine Tramell, riche et brillante romancière. Au cours de son enquête, il s'aperçoit que les parents de Catherine sont morts dans un accident suspect, que son professeur de psychologie a été assassiné dix ans plus tôt à coups de pic à glace et qu'enfin, une de ses meilleures amies a, en 1956, tué ses trois enfants et son mari."
af80d4cc-e34a-48d0-85ed-a1227216eb88,fra,"Le Major Cabot organise des agressions et en accuse les Indiens afin de leur voler leurs biens. Joe Mercy, vit de l'argent que lui rapporte sa participation à des duels spectaculaires. Avec l'aide de "Locomotive" et de Lucy, il décide de dérober à Cabot les 300 000 dollars que ce dernier doit remettre au Général Penbroke..."
22038333-cf97-4ff0-bb8c-1c418370f2a8,fra,"Il y a 15 ans, dans une petite ville des États-Unis, le soir d’Halloween, au cours de laquelle les enfants ont l’habitude de se déguiser, un petit garçon, Michael, épie sa sœur et son ami qui flirtent. Michael les suit et, armé d’un couteau de cuisine, assassine la jeune fille. Quinze ans plus tard, un psychiatre, le docteur Loomis qui étudie le cas du jeune meurtrier apprend que le criminel s’est échappé : il est revenu sur les lieux de son crime pour continuer son œuvre…"
24c952a2-3133-4767-86f5-e0082341b124,fra,"Apprenant que sa femme Barbara, une riche héritière, a été kidnappée, Sam Stone n'envisage pas de payer la rançon."
ace1de16-80cc-4094-b70a-94401c7d049e,fra,"1936. Parti à la recherche d’une idole sacrée en pleine jungle péruvienne, l’aventurier Indiana Jones échappe de justesse à une embuscade tendue par son plus coriace adversaire: le Français René Belloq. Revenu à la vie civile à son poste de professeur universitaire d’archéologie, il est mandaté par les services secrets et par son ami Marcus Brody, conservateur du National Museum de Washington, pour mettre la main sur le Médaillon de Râ, en possession de son ancienne amante Marion Ravenwood, désormais tenancière d’un bar au Tibet. Cet artefact égyptien serait en effet un premier pas sur le chemin de l’Arche d’Alliance, celle‐là même où Moïse conserva les Dix Commandements. Une pièce historique aux pouvoir inimaginables dont Hitler cherche à s’emparer."
6d02e5b2-c17b-4d89-9f7c-c626136f0a57,fra,"Crocodile Dundee alias Michael J. est un aventurier qui hante les vastes étendues du Bush australien : repas de lézards, larves et fourmis, rencontres inopinées avec des serpents et crocodiles… Élevé par une tribu d’aborigènes, il « zone » dans ces terrifiantes contrées comme un poisson dans l’eau. Sue Charlton, ambitieuse journaliste américaine, découvre l’homme sauvage et veut à tout prix faire un scoop. Elle finit par le rencontrer, l’emmène à New York, succombe à ses charmes et le suit pour le meilleur et pour le pire…"
b9eaf0c7-062e-4a1c-8431-f51b31088290,fra,"Dans ce film, Burt Reynolds est un aventurier qui décide de participer à une course de voiture illégale à travers tout le pays. Leurs coureurs devront tout faire pour surmonter les difficultés (y compris la police) et gagner la course."
80c07340-a069-476a-a0a0-2460dc69b3cc,fra,"Les aventures du baroudeur Jack Burton à Chinatown, où règne le terrible sorcier Lo Pan. Celui-ci pense pouvoir retrouver son enveloppe charnelle grâce aux beaux yeux verts de Miao Yin, délicieuse Chinoise fiancée à un ami de Jack…"
e8f50c9e-8e3c-4b73-9e92-562bf984113a,fra,"Deux employés d'un entrepôt de produits médicaux libèrent par inadvertance un gaz toxique ramenant un mort à la vie. Pour se débarrasser de ce cadavre réanimé, ils l'incinèrent. Malheureusement, le nuage de fumée crée une pluie étrange qui s'abat sur le cimetière voisin..."
7abca311-7572-49bb-8565-e3648fcb1989,fra,"Jeff Lebowski, prénommé le Duc, est un paresseux qui passe son temps à boire des coups avec son copain Walter et à jouer au bowling, jeu dont il est fanatique. Un jour deux malfrats le passent à tabac. Il semblerait qu’un certain Jackie Treehorn veuille récupérer une somme d’argent que lui doit la femme de Jeff. Seulement Lebowski n’est pas marié. C’est une méprise, le Lebowski recherché est un millionnaire de Pasadena. Le Duc part alors en quête d’un dédommagement auprès de son richissime homonyme…"
e4e5143d-c8b6-44ae-8d83-0699c1fb9272,fra,"Deux frères, Stephen et Brian McCaffrey, se destinent au métier de pompiers après avoir assisté à la mort tragique de leur père, officier d'élite de la 17e caserne des sapeurs-pompiers de Chicago. Vingt ans plus tard, si Stephen est devenu un pompier émérite, Brian vit de petits boulots. De retour à Chicago, il décide néanmoins de reprendre son entrainement sous l’œil sceptique de son frère.Mais celui-ci doit également se concentrer sur une nouvelle vague d'incidents criminels qui frappent la ville : des flammes éclairs, des backdraft, ces incendies qui s'éteignent d'eux-mêmes dans le propre souffle de leur explosion, terrassent un à un d'anciens collaborateurs du maire..."
84ed3f64-88ea-4e96-a670-0f3095ececf2,fra,"Deux flics que tout oppose sont victimes d'une machination fomentée par un baron de la drogue. Pour se disculper, ils doivent mettre fin aux activités du trafiquant."
6277443a-d0cc-4c54-bcde-3f43c896503d,fra,"Phil Connors, présentateur météo grincheux et arrogant, doit tourner un reportage sur la fête de la marmotte. Mais lorsqu'il se réveille le lendemain, il découvre avec stupeur que la date n'a pas changé et qu'il est condamné à revivre un par un les événements de la veille. Connors se voit dès lors obligé de faire face à la répétition infinie du Jour de la marmotte."
6076c30d-c5ab-4e95-971a-425f2f4aa075,fra,"Un psychopathe connu sous le nom de Buffalo Bill sème la terreur dans le Middle West en kidnappant et en assassinant de jeunes femmes. Clarice Starling, une jeune agent du FBI, est chargée d’interroger l’ex‐psychiatre Hannibal Lecter. Psychopathe redoutablement intelligent et porté sur le cannibalisme, Lecter est capable de lui fournir des informations concernant Buffalo Bill ainsi que son portrait psychologique. Mais il n’accepte de l’aider qu’en échange d’informations sur la vie privée de la jeune femme. Entre eux s’établit un lien de fascination et de répulsion."
bd4537b9-afdc-494d-ac70-76cab133fa4c,fra,"Tout va mal pour nos deux héros. S’il ne veut pas finir en prison, Jack le flic, doit trouver rapidement le dangereux malfrat Iceman. Quant à Reggie, le voyou, il finit un séjour derrière les barreaux. Et Iceman a mis sa tête à prix. Pour preuve, l’autobus qui l’éloigne du pénitencier est attaqué et fait dix‐sept tonneaux avant de s’arrêter. A contrecoeur, Reggie s’allie à Jack pour 48 heures de plus…"
eb4c69f6-9fa5-4eb7-9a16-0259a9eac719,fra,"En 1985, Marty, un adolescent comme les autres, mène une existence morne et ennuyeuse. Heureusement, il est épris de la jolie Jennifer et entretient une profonde amitié avec Doc, un savant fou qui prétend avoir inventé une machine à explorer le temps. Un jour, Doc invite Marty à l'essayer..."
5b946f8f-76e1-46cd-b2f9-e5f85d10af02,fra,""
ca94860d-56c2-4b68-ac00-6d48d0de8ee4,fra,"Le Major Dutch Schaefer et son équipe sont envoyés dans la jungle sud-américaine avec pour mission de délivrer des alliés pris en otage par une bande de guérilleros. Mais pendant l'opération, Dutsch et ses hommes s'aperçoivent que les preneurs d'otages ont été... dépecés et suspendus à la plus haute cime des arbres. Très vite, le commando comprend qu'il a en face de lui un ennemi hors du commun. Un monstre invisible et indestructible venu d'une autre planète. Un extraterrestre rompu à toutes les formes d'attaques et qui ne poursuit qu'un seul but : la chasse à l'être humain. Schaefer et sa troupe sont pour lui du gibier de premier choix."
9b4a8296-c6fe-40c6-b1c5-9807b2004976,fra,"Chauffeur routier solitaire, Lincoln Hawk est rongé par un divorce et par la culpabilité d'avoir abandonné un fils Michael qu'il n'a jamais vu. Lorsque Lincoln, sur les conseils de son ex-femme, part chercher son fils à l'Académie Militaire, il se cogne à l'agressivité de ce dernier. Pour Lincoln, le seul moyen de prouver à son fils, et à lui-même, qui il est réellement, c'est de remporter le championnat du monde de bras de fer de Las Vegas !"
dc18e978-7d17-4d05-ac8e-678a609fbcc7,fra,"Des séquelles physiques irréversibles amènent Rocky Balboa à prendre sa retraite. Ruiné, il devient l'entraîneur d'un champion en devenir, Tommy Gunn. Mais celui-ci ne va pas rester insensible à l'appât du gain et va quitter Rocky pour rejoindre les rangs d'un coach plus fortuné."
6e76b203-3e19-4f72-9980-92752d48809a,fra,"Jeune as du pilotage et tête brûlée d'une école réservée à l'élite de l'Aéronavale américaine, la fameuse « Top Gun », Pete Mitchell, dit Maverick, tombe sous le charme d'une instructrice alors qu'il est en compétition pour le titre du meilleur pilote…"
8a973d17-fccf-4240-8157-573db91eaa6c,fra,"Apollo Creed, ancien adversaire et dorénavant ami de Rocky Balboa, est tué sur le ring par le boxeur russe Ivan Drago. Se reprochant de n'avoir pu sauver son camarade à temps, Rocky va demander un combat contre Ivan Drago afin de le venger. Une confrontation qui se déroulera sur le sol russe."
cb500bc6-ef03-4205-86fe-33d0c6d2ec11,fra,"Un jeune curieux s'installe à Salem, où il a du mal à s'intégrer avant de réveiller un trio de sorcières diaboliques qui ont été exécutées au 17ème siècle."
0855b28a-f73d-4302-8d48-2a2353d08321,fra,"Axel Foley est de retour à Beverly Hills. Cette fois, il vient prêter main forte à ses collègues et amis pour résoudre une affaire de vol de bijoux."
eaf58060-210e-465a-92e4-eed803451813,fra,"Auteur de romans d'horreur et vétéran de la Guerre du Vietnam, Roger Cobb s'installe dans un vieille demeure léguée par sa tante. Mais il est très vite poursuivi par armée de fantômes dirigé par Ben, un ancien du Vietnam abandonné par Roger."
e90836cf-cc5f-477d-9ca1-a44f1bd95abf,fra,"Le Colonel Trautman contacte Rambo dans sa retraite en Thaïlande pour qu'il l'accompagne dans une mission périlleuse en Afghanistan. Mais l'ex-soldat refuse afin de se consacrer aux moines bouddhistes qui l'ont recueilli. Lorsque, quelques jours plus tard, l'agent Griggs lui explique que Trautman a été capturé par le Colonel Zaysen, Rambo décide de sauver son ami. Il s'infiltre dans les lignes ennemies et découvre toute l'horreur du conflit qui oppose les moudjahidin à l'armée soviétique. Déterminé, il s'attaque à toute une armée sans oublier son objectif premier : récupérer Trautman."
520d36be-24be-4e74-857d-c27b2f9e1f83,fra,"À l'aube de l'an 2000, Détroit est, comme toujours dans cette sorte d'histoire, la proie du crime et de la corruption. Pour pallier ce terrible état, les services de police inventent une nouvelle arme infaillible, Robocop, mi-homme, mi-robot, policier électronique de chair et d'acier qui a pour mission de sauvegarder la tranquillité de la ville. Mais comme souvent, ce cyborg a aussi une âme."
a09cc505-1e03-49ec-9500-63478944a532,fra,"Un groupe de vingt personnes arrive exténué dans un club situé en Afrique pour passer quelques jours de repos. Et ils sont bien décidés à rentabiliser au maximum leurs vacances. C’est ainsi que nous suivrons les aventures tragi‐comiques de la colérique Nathalie, de Gigi, de Jérôme le sûr‐de‐lui, Christiane, le malchanceux Jean‐Claude, et bien‐sûr celles des G.O. (gentils organisateurs). Nouvelles rencontres, liaisons momentanées, petits et grands drames seront au programme…"
43cf3e92-abba-4b8a-aaeb-b9b124458ea3,fra,"Vada Sultenfuss pourrait être une petite fille brillante et dynamique de 11 ans, mais avec sa mère morte en couches et son père Harry entrepreneur de pompes funèbres que plus rien n'intéresse depuis, Vania est complètement obsedée par la mort. Et l'arrivée de Shelly, une esthéticienne pour cadavres, dont Harry va peu à peu tomber amoureux, ne lui plaît pas d'avantage..."
bb73a806-7713-47b3-8355-b4151511a743,fra,"Les krits, aliens en forme de boules de poils, aux dents acérées et criminels intergalactiques, réussissent à s'évader de leur prison de l'espace à bord d'un vaisseau spatial. A leurs trousses, deux chasseurs de prime extra-terrestres qui ont la faculté de changer de visage. Tout ce petit monde atterrit dans le Kansas, non loin de la ferme de la famille Brow. Leur première victime : une vache. Mais peu à peu, ils vont prendre goût à la chair humaine."
4d53ce95-43bf-4cfa-9f09-4f1520a006ed,fra,"Un orage magnétique déclenche à nouveau l'horreur sur la famille Freeling qui, une fois de plus, est la proie des Poltergeist..."
fe63a509-ad1d-4960-b4a9-b704a6aa9ea0,fra,"Vic, treize ans, inscrite au lycée Henri-IV, est à l'âge des premières sorties et des premiers émois. Vic n'a guère l'occasion de parler avec ses parents, trop occupés par leur carrière respective, et dont le couple subit les assauts classiques du temps. Elle se confie donc à son arrière-grand-mère, la pétillante Poupette, ou à sa meilleure amie, Pénélope. Elle partagera donc avec elles son amour pour le beau Mathieu. Mais cet amour-là aussi connaîtra quelques difficultés..."
d765d21d-1675-46ad-a107-13461fc86157,fra,"Dans un futur proche, la terre est surpeuplée. Une loi a été instaurée : il est devenu interdit d'avoir plus d'un enfant. Pour avoir enfreint cette règle car leur premier enfant est mort, le capitaine John Brennick et sa femme, deux commandos bérets noirs, sont incarcérés dans une gigantesque prison souterraine : la Forteresse. S'évader de ce centre carcéral ultra-sophistiqué semble impossible..."
51fecd44-437f-490e-9bcd-e3a386e95932,fra,"La fille du Grand PDG Bens est tellement malchanceuse qu’elle se fait enlever alors qu’elle est en vacances au Mexique. Pour la retrouver, son père engage le détective privé Campana qu’il associe à un gaffeur invétéré dans l’espoir qu’il le rapproche de sa fille…"
33569568-7c3e-4baa-84a8-cae15dca2350,fra,"Après le Club Méditerranée, la joyeuse troupe d’amis (plus connue sous le nom des Bronzés) se retrouvent aux sports d’hiver. Ils vivront encore d’autres problèmes sentimentaux et mésaventures. L’équipe ira même se perdre en montagne."
540ef20e-292e-49ec-b2c4-584501eef931,fra,"JC et Stef sont des amis d'enfance. Inséparables. JC est LE dikkenek belge, un donneur de leçon à cinq balles, un moralisateur, un tombeur de minettes, bref une grande gueule intégrale, coiffé comme un peigne. Stef est tout le contraire. Il cherche le Grand Amour, mais vu qu'il ne bouge pas de son lit, il va avoir du mal à trouver. JC lui explique donc la méthode : faire un sans-faute du point A jusqu'au point G. Entre ces deux points, JC et Stef vont croiser : Claudy, le directeur des abattoirs d'Anderlecht et photographe amateur (de chair fraîche), Greg, un bébé-manager vissé à son portable, Natacha, une nymphette désœuvrée, Fabienne, une pauvre petite fille de riches, Nadine, une institutrice qui préfère la schnouf aux tables de multiplication, ainsi que Laurence, une commissaire de police fâchée avec les conjugaisons, qui ponctue ses phrases à coups de gros calibre."
6931e7d6-7d10-4454-8101-3a11734fbdfd,fra,"Des aventuriers partent à la recherche d'un ancien temple renfermant une grande quantité d'or."
f851fa63-1c5d-473d-9405-375675a20771,fra,"Sur les autoroutes désertées d'une Australie méconnaissable, une guerre sans merci oppose motards hors-la-loi et policiers Interceptor, qui tentent de triompher de la vermine au volant de voitures aux moteurs surgonflés. Dans ce monde en pleine décadence, les bons, les méchants, le manichéisme disparaissent..."
d9e484d0-3dcc-49b8-b4bb-c2babe11b19e,fra,"Ted Masters, un pilote américain est abattu lors d'une mission au Moyen-Orient. Son fils Doug, aidé d'un vétéran de l'US Air Force monte une opération secrète pour le délivrer."
110d3753-c18e-45b8-9f4d-cf2736abe00a,fra,"Chappy Sinclair, pilote et instructeur chevronné de l'US Air Force, évite la retraite en s'engageant dans la troupe d'un cirque aérien. Ils s'appellent, pour le bonheur des petits et des grands, l'équipe des As. C'est alors qu'un ancien élève de Chappy, d'origine péruvienne, est tué dans le crash de son jet bourré de cocaine. Chappy est persuadé que son élève n'est pas un trafiquant. Les As vont tenter de l'innocenter."
06480b5c-ced6-42bc-8bbc-9747023cf799,fra,""
0e872cc4-c429-428c-8c71-a62fb4c24c96,fra,"Près de la Libye, un pays s'apprête à activer un site de missiles nucléaires capable de frapper à la fois l'Union Soviétique et les Etats-Unis. Charles Sinclair est appelé pour rassembler une force mi-soviétique mi-américaine pour défendre le site. La coopération entre les deux groupes s'opèret difficilement tandis que "Chappy" Sinclair découvre que quelqu'un du Pentagone s'efforce de saboter sa mission."
fb855bea-eec0-4204-be37-7986abaf6887,fra,"Joe Armstrong, un soldat américain, stationne aux Philippines. Il y affronte une organisation de ninjas, qui vole les armes de l'armée."
96222ab6-29a3-4043-b5c2-a90a386c0d97,fra,"Après avoir vu son meilleur ami se faire tuer et sa maison détruite, un ex-agent de la CIA reprend du service pour éliminer une redoutable bande de terroristes contrôlée par le machiavélique Rostov."
da9120a9-5384-4692-8032-b7297dcf0250,fra,"Matt Hunter, un ancien agent spécial, fait échouer un attentat contre Larry Richards, l'un de ses amis candidat au sénat, et devient la cible prioritaire d'une organisation terroriste. Ce groupe d'extrême droite, le Pentangle, a établi ses quartiers dans les marais de Louisiane et vise l'élimination de tous les adversaires politiques. Le groupe fait enlever la soeur de Matt et ce dernier est décidé à leur faire payer très cher cette erreur. Rien ni personne ne pourra l'empêcher d'atteindre l'objectif qu'il s'est désormais fixé !"
0bed1543-84ac-4c53-be68-43299ced4897,fra,"Platoon Leader : Vietnam, années 70: fraichement débarqué des Etats-Unis, le jeune lieutenant Jeff Knight est accueilli avec méfiance et cynisme par les soldats américains du camp de Troug Lam, base stratégique convoitée par les troupes vietcong. Encore inexpérimenté, Knight va faire le dur apprentissage de la guerre au cours d'attaques-surprises et d'affrontements sanglants avec l'ennemi, mais surtout, il va lui falloir gagner le respect de ses hommes..."
a4bd9509-19e3-476d-848d-518ad20b742c,fra,"Lorsque la carrière de sa mère l'entraîne à Benjing en Chine, le jeune Dre Parker doit faire face à des changements radicaux. Au bout de quelques jours, il se retrouve mêlé à une altercation au sein de son école, impliquant Cheng, l'un des garçons les plus doués en Kung Fu et qui lui fait définitivement perdre le respect de ses camarades de classe.Témoin de cet affrontement, M. Han, professeur de Karaté à la retraite, embauché par les Parker comme chauffeur et assistant, décide d'aider Dre à regagner le respect de son entourage."
bda4765b-36ed-4693-b2af-e3d2ecec462b,fra,"Lorsqu'un avion de tourisme américain est détourné sur Beyrouth par de dangereux terroristes, le président des Etats-Unis n'a qu'une solution: faire appel à la Delta Force, une équipe de commando super entraînée emmenée par le Major Scott Mc Coy et le colonel Nick Alexander. L'équipe parvient rapidement à libérer les otages. Mais la mission n'est pas terminée pour autant car un petit groupe de passagers a été conduit à Téhéran. Commence alors pour Mc Coy et Alexander une épuisante course contre la montre pour tenter de sauver les otages et venger l'honneur des Etats-Unis avant qu'il ne soit trop tard !"
4e7872c0-5351-471d-b26f-27a6f90fdfed,fra,"Le soldat Joe Armstrong et le sergent Curtis Jackson débarquent sur l'île de Saint Thomas, dans les Caraïbes. Ils ont pour mission Top Secrète d'enquêter sur plusieurs disparitions mystérieuses de soldats américains... Très rapidement, Joe Armstrong et Curtis Jackson découvrent l'existence d'une base secrète où les militaires disparus sont reconditionnés pour devenir de redoutables guerriers Ninjas. Spécialement entrainés ils sèment la mort partout sur leur passage !"
318660da-1c50-40f0-9f4c-2291ec6ee0c6,fra,"Un journaliste américain, informé par des écologistes, s'aperçoit qu'une centrale nucléaire fabrique un virus destiné a régler le problème de la surpopulation a la surface du globe."
3d3ea7a8-8b5b-4392-81bb-d08dde330acc,fra,"Un ancien membre de la CIA, spécialiste des arts martiaux et devenu policier à Chicago, affronte un réseau de trafiquant d'armes lié à la CIA."
97d149d2-57d0-489c-93e7-6d8adcc0f9f9,fra,"Lion, légionnaire, est stationné dans un poste avancé du désert nord-africain lorsqu'il apprend que son frère, à Los Angeles, est sérieusement blessé. Il déserte pour lui porter secours mais, sans argent, se lance dans les combats de full contact. Lorsqu'il arrive enfin, las, son frère est mort et la veuve refuse sa protection, tandis que deux mercenaires veulent le ramener de force à la Légion."
4544a546-42da-4757-8499-041a20af38c9,fra,""
b657e15a-9e33-4b6a-a39f-2f22d56e1a6f,fra,"Viet-nâm, 1972. Prisonnier du sadique Yin, le colonel Braddock parvient à fuir. Il reviendra pour se venger, mettant ainsi fin au trafic d'opium auquel Yin se livrait."
46b5ed45-a5bd-4f51-8f0a-54e647ebc7ce,fra,"Morlar est un être étrange, apparemment immortel. Tous ceux qui lui causent du tort meurent mystérieusement. Il prétend également détenir des pouvoirs paranormaux et devant l'incrédulité des médecins et de la police, décide de le prouver en provoquant une catastrophe aérienne."
2ed1d67e-a806-4e35-b625-ca2b029e366c,fra,"L'université d'Arkham accueille un nouvel élève en médecine en la personne d'Herbert West. Celui-ci veut redonner vie aux morts..."
b5142384-c03e-4d50-93e0-75a438484955,fra,""
428373c3-7ce0-44c2-b46b-3e5ed3c019b3,fra,"Jaffa, leader d'une des organisations extrémistes les plus dangereuses du monde, est arrête lors du mariage de sa fille. Son adjoint, Nagi Hassan, exige sa libération en échange des passagers d'un 747 qu'il a pris en otages. L'avion transporte également un lot de gaz toxique qu'il menace de répandre au-dessus de Washington. Le lieutenant-colonel Austin Travis propose alors d'aborder le 747 au moyen d'un avion furtif expérimental et d'y introduire un commando d’élite charge de neutraliser le terroriste."
