code-2,code-3,code-num,nom,drapeau-unicode,drapeau-svg
af,AFG,4,Afghanistan,ğŸ‡¦ğŸ‡«,
za,ZAF,710,Afrique du Sud,ğŸ‡¿ğŸ‡¦,
al,ALB,8,Albanie,ğŸ‡¦ğŸ‡±,
dz,DZA,12,AlgÃ©rie,ğŸ‡©ğŸ‡¿,
de,DEU,276,Allemagne,ğŸ‡©ğŸ‡ª,<svg xmlns="http://www.w3.org/2000/svg" width="900" height="600" viewBox="0 0 9 6"><path fill="#FFCE00" d="M0 0h9v6H0z"/><path fill="#D00" d="M0 0h9v4H0z"/><path d="M0 0h9v2H0z"/></svg>
ad,AND,20,Andorre,ğŸ‡¦ğŸ‡©,
ao,AGO,24,Angola,ğŸ‡¦ğŸ‡´,
ag,ATG,28,Antigua-et-Barbuda,ğŸ‡¦ğŸ‡¬,
sa,SAU,682,Arabie saoudite,ğŸ‡¸ğŸ‡¦,
ar,ARG,32,Argentine,ğŸ‡¦ğŸ‡·,
am,ARM,51,ArmÃ©nie,ğŸ‡¦ğŸ‡²,
au,AUS,36,Australie,ğŸ‡¦ğŸ‡º,
at,AUT,40,Autriche,ğŸ‡¦ğŸ‡¹,<svg xmlns="http://www.w3.org/2000/svg" width="900" height="600" viewBox="0 0 9 6"><path fill="#c8102e" d="M0 0h9v6H0z"/><path fill="#fff" d="M0 2h9v2H0z"/></svg>
az,AZE,31,AzerbaÃ¯djan,ğŸ‡¦ğŸ‡¿,
bs,BHS,44,Bahamas,ğŸ‡§ğŸ‡¸,
bh,BHR,48,BahreÃ¯n,ğŸ‡§ğŸ‡­,
bd,BGD,50,Bangladesh,ğŸ‡§ğŸ‡©,
bb,BRB,52,Barbade,ğŸ‡§ğŸ‡§,
be,BEL,56,Belgique,ğŸ‡§ğŸ‡ª,<svg xmlns="http://www.w3.org/2000/svg" width="900" height="600" viewBox="0 0 3 2"><path fill="#ef3340" d="M0 0h3v2H0z"/><path fill="#fdda25" d="M0 0h2v2H0z"/><path d="M0 0h1v2H0z"/></svg>
bz,BLZ,84,BÃ©lize,ğŸ‡§ğŸ‡¿,
bj,BEN,204,BÃ©nin,ğŸ‡§ğŸ‡¯,
bt,BTN,64,Bhoutan,ğŸ‡§ğŸ‡¹,
by,BLR,112,BiÃ©lorussie,ğŸ‡§ğŸ‡¾,
mm,MMR,104,Myanmar,ğŸ‡²ğŸ‡²,
bo,BOL,68,Bolivie,ğŸ‡§ğŸ‡´,
ba,BIH,70,Bosnie-HerzÃ©govine,ğŸ‡§ğŸ‡¦,
bw,BWA,72,Botswana,ğŸ‡§ğŸ‡¼,
br,BRA,76,BrÃ©sil,ğŸ‡§ğŸ‡·,
bn,BRN,96,Brunei,ğŸ‡§ğŸ‡³,
bg,BGR,100,Bulgarie,ğŸ‡§ğŸ‡¬,<svg xmlns="http://www.w3.org/2000/svg" width="900" height="600" viewBox="0 0 9 6"><path fill="#D62612" d="M0 0h9v6H0z"/><path fill="#00966E" d="M0 0h9v4H0z"/><path fill="#fff" d="M0 0h9v2H0z"/></svg>
bf,BFA,854,Burkina,ğŸ‡§ğŸ‡«,
bi,BDI,108,Burundi,ğŸ‡§ğŸ‡®,
kh,KHM,116,Cambodge,ğŸ‡°ğŸ‡­,
cm,CMR,120,Cameroun,ğŸ‡¨ğŸ‡²,
ca,CAN,124,Canada,ğŸ‡¨ğŸ‡¦,
cv,CPV,132,Cap-Vert,ğŸ‡¨ğŸ‡»,
cf,CAF,140,Centrafrique,ğŸ‡¨ğŸ‡«,
cl,CHL,152,Chili,ğŸ‡¨ğŸ‡±,
cn,CHN,156,Chine,ğŸ‡¨ğŸ‡³,
cy,CYP,196,Chypre,ğŸ‡¨ğŸ‡¾,
co,COL,170,Colombie,ğŸ‡¨ğŸ‡´,
km,COM,174,Comores,ğŸ‡°ğŸ‡²,
cg,COG,178,Congo,ğŸ‡¨ğŸ‡¬,
cd,COD,180,"Congo, RÃ©publique dÃ©mocratique du",ğŸ‡¨ğŸ‡©,
kp,PRK,408,CorÃ©e du Nord,ğŸ‡°ğŸ‡µ,
kr,KOR,410,CorÃ©e du Sud,ğŸ‡°ğŸ‡·,
cr,CRI,188,Costa Rica,ğŸ‡¨ğŸ‡·,
ci,CIV,384,CÃ´te d'Ivoire,ğŸ‡¨ğŸ‡®,
hr,HRV,191,Croatie,ğŸ‡­ğŸ‡·,
cu,CUB,192,Cuba,ğŸ‡¨ğŸ‡º,
dk,DNK,208,Danemark,ğŸ‡©ğŸ‡°,<svg xmlns="http://www.w3.org/2000/svg" width="900" height="600" viewBox="0 0 15 10"><path fill="#c8102e" d="M0 0h15v10H0z"/><path fill="#fff" d="M0 4h5V0h2v4h8v2H7v4H5V6H0z"/></svg>
dj,DJI,262,Djibouti,ğŸ‡©ğŸ‡¯,
dm,DMA,212,Dominique,ğŸ‡©ğŸ‡²,
eg,EGY,818,Ã‰gypte,ğŸ‡ªğŸ‡¬,
ae,ARE,784,Ã‰mirats arabes unis,ğŸ‡¦ğŸ‡ª,
ec,ECU,218,Ã‰quateur,ğŸ‡ªğŸ‡¨,
er,ERI,232,Ã‰rythrÃ©e,ğŸ‡ªğŸ‡·,
es,ESP,724,Espagne,ğŸ‡ªğŸ‡¸,
ee,EST,233,Estonie,ğŸ‡ªğŸ‡ª,<svg height="600" width="900" xmlns="http://www.w3.org/2000/svg" viewBox="0 0 9 6"><path d="M0 0h9v6H0z" fill="#fff"/><path d="M0 0h9v4H0z"/><path d="M0 0h9v2H0z" fill="#0072ce"/></svg>
us,USA,840,Ã‰tats-Unis,ğŸ‡ºğŸ‡¸,<svg xmlns="http://www.w3.org/2000/svg" xmlns:xlink="http://www.w3.org/1999/xlink" width="900" height="600" viewBox="0 0 975 650"><defs><g id="prefix__b"><use xlink:href="#prefix__a" transform="rotate(-144)"/><use xlink:href="#prefix__a" transform="rotate(-72)"/><use xlink:href="#prefix__a"/><use xlink:href="#prefix__a" transform="rotate(72)"/><use xlink:href="#prefix__a" transform="rotate(144)"/></g><g id="prefix__c"><use xlink:href="#prefix__b" x="-.232"/><use xlink:href="#prefix__b" x="-.116"/><use xlink:href="#prefix__b"/><use xlink:href="#prefix__b" x=".116"/><use xlink:href="#prefix__b" x=".232"/></g><g id="prefix__d"><use xlink:href="#prefix__c" x="-.058"/><use xlink:href="#prefix__b" x=".29"/></g><g id="prefix__e"><use xlink:href="#prefix__d"/><use xlink:href="#prefix__c" y=".054"/><use xlink:href="#prefix__d" y=".108"/><use xlink:href="#prefix__c" y=".162"/></g><g id="prefix__g"><use xlink:href="#prefix__e" y="-.216"/><use xlink:href="#prefix__e"/><use xlink:href="#prefix__d" y=".216"/></g><path id="prefix__a" transform="scale(.0616)" fill="#fff" d="M-.162 0L0-.5l.162.5z"/><path id="prefix__f" fill="#BB133E" d="M0 0h975v50H0z"/></defs><path fill="#FFF" d="M0 0h975v650H0z"/><use xlink:href="#prefix__f"/><use xlink:href="#prefix__f" y="100"/><use xlink:href="#prefix__f" y="200"/><use xlink:href="#prefix__f" y="300"/><use xlink:href="#prefix__f" y="400"/><use xlink:href="#prefix__f" y="500"/><use xlink:href="#prefix__f" y="600"/><path fill="#002664" d="M0 0h440v350H0z"/><use xlink:href="#prefix__g" transform="matrix(650 0 0 650 219 176)"/></svg>
et,ETH,231,Ã‰thiopie,ğŸ‡ªğŸ‡¹,
fj,FJI,242,Fidji,ğŸ‡«ğŸ‡¯,
fi,FIN,246,Finlande,ğŸ‡«ğŸ‡®,<svg xmlns="http://www.w3.org/2000/svg" width="900" height="600" viewBox="0 0 15 10"><path fill="#fff" d="M0 0h15v10H0z"/><path fill="#002F6C" d="M0 4h5V0h2v4h8v2H7v4H5V6H0z"/></svg>
fr,FRA,250,France,ğŸ‡«ğŸ‡·,<svg xmlns="http://www.w3.org/2000/svg" width="900" height="600" viewBox="0 0 3 2"><path fill="#ce1126" d="M0 0h3v2H0z"/><path fill="#fff" d="M0 0h2v2H0z"/><path fill="#002654" d="M0 0h1v2H0z"/></svg>
ga,GAB,266,Gabon,ğŸ‡¬ğŸ‡¦,
gm,GMB,270,Gambie,ğŸ‡¬ğŸ‡²,
ge,GEO,268,GÃ©orgie,ğŸ‡¬ğŸ‡ª,
gh,GHA,288,Ghana,ğŸ‡¬ğŸ‡­,
gr,GRC,300,GrÃ¨ce,ğŸ‡¬ğŸ‡·,<svg xmlns="http://www.w3.org/2000/svg" width="900" height="600" viewBox="0 0 27 18"><path fill="#0D5EAF" d="M0 0h27v18H0z"/><path fill="#fff" d="M5 0v11M4 0v10h2V0z"/><path fill="#fff" d="M0 4h10v2H0zm10-2h17v2H10zm0 4h17v2H10zM0 10h27v2H0zm0 4h27v2H0z"/></svg>
gd,GRD,308,Grenade,ğŸ‡¬ğŸ‡©,
gt,GTM,320,GuatÃ©mala,ğŸ‡¬ğŸ‡¹,
gn,GIN,324,GuinÃ©e,ğŸ‡¬ğŸ‡³,
gq,GNQ,226,GuinÃ©e Ã©quatoriale,ğŸ‡¬ğŸ‡¶,
gw,GNB,624,GuinÃ©e-Bissau,ğŸ‡¬ğŸ‡¼,
gy,GUY,328,Guyana,ğŸ‡¬ğŸ‡¾,
ht,HTI,332,HaÃ¯ti,ğŸ‡­ğŸ‡¹,
hn,HND,340,Honduras,ğŸ‡­ğŸ‡³,
hu,HUN,348,Hongrie,ğŸ‡­ğŸ‡º,<svg xmlns="http://www.w3.org/2000/svg" width="900" height="600" viewBox="0 0 9 6"><path fill="#477050" d="M0 0h9v6H0z"/><path fill="#fff" d="M0 0h9v4H0z"/><path fill="#ce2939" d="M0 0h9v2H0z"/></svg>
ck,COK,184,Ãles Cook,ğŸ‡¨ğŸ‡°,
in,IND,356,Inde,ğŸ‡®ğŸ‡³,
id,IDN,360,IndonÃ©sie,ğŸ‡®ğŸ‡©,
iq,IRQ,368,Irak,ğŸ‡®ğŸ‡¶,
ir,IRN,364,Iran,ğŸ‡®ğŸ‡·,
ie,IRL,372,Irlande,ğŸ‡®ğŸ‡ª,<svg xmlns="http://www.w3.org/2000/svg" width="900" height="600" viewBox="0 0 3 2"><path fill="#ff883e" d="M0 0h3v2H0z"/><path fill="#fff" d="M0 0h2v2H0z"/><path fill="#169b62" d="M0 0h1v2H0z"/></svg>
is,ISL,352,Islande,ğŸ‡®ğŸ‡¸,
il,ISR,376,IsraÃ«l,ğŸ‡®ğŸ‡±,
it,ITA,380,Italie,ğŸ‡®ğŸ‡¹,<svg xmlns="http://www.w3.org/2000/svg" width="900" height="600" viewBox="0 0 3 2"><path fill="#ce2b37" d="M0 0h3v2H0z"/><path fill="#fff" d="M0 0h2v2H0z"/><path fill="#009246" d="M0 0h1v2H0z"/></svg>
jm,JAM,388,JamaÃ¯que,ğŸ‡¯ğŸ‡²,
jp,JPN,392,Japon,ğŸ‡¯ğŸ‡µ,<svg xmlns="http://www.w3.org/2000/svg" width="900" height="600" viewBox="0 0 30 20"><path fill="#fff" d="M0 0h30v20H0z"/><circle fill="#bc002d" cx="15" cy="10" r="6"/></svg>
jo,JOR,400,Jordanie,ğŸ‡¯ğŸ‡´,
kz,KAZ,398,Kazakhstan,ğŸ‡°ğŸ‡¿,
ke,KEN,404,Kenya,ğŸ‡°ğŸ‡ª,
kg,KGZ,417,Kirghizstan,ğŸ‡°ğŸ‡¬,
ki,KIR,296,Kiribati,ğŸ‡°ğŸ‡®,
kw,KWT,414,KoweÃ¯t,ğŸ‡°ğŸ‡¼,
la,LAO,418,Laos,ğŸ‡±ğŸ‡¦,
ls,LSO,426,Lesotho,ğŸ‡±ğŸ‡¸,
lv,LVA,428,Lettonie,ğŸ‡±ğŸ‡»,<svg xmlns="http://www.w3.org/2000/svg" width="900" height="600" viewBox="0 0 15 10"><path fill="#9E3039" d="M0 0h15v10H0"/><path fill="#FFF" d="M0 4h15v2H0"/></svg>
lb,LBN,422,Liban,ğŸ‡±ğŸ‡§,
lr,LBR,430,LibÃ©ria,ğŸ‡±ğŸ‡·,
ly,LBY,434,Libye,ğŸ‡±ğŸ‡¾,
li,LIE,438,Liechtenstein,ğŸ‡±ğŸ‡®,
lt,LTU,440,Lituanie,ğŸ‡±ğŸ‡¹,<svg xmlns="http://www.w3.org/2000/svg" width="900" height="600" viewBox="0 0 9 6"><path fill="#c1272d" d="M0 0h9v6H0z"/><path fill="#006a44" d="M0 0h9v4H0z"/><path fill="#fdb913" d="M0 0h9v2H0z"/></svg>
lu,LUX,442,Luxembourg,ğŸ‡±ğŸ‡º,
mk,MKD,807,"MacÃ©doine, ancienne rÃ©publique yougoslave de ",ğŸ‡²ğŸ‡°,
mg,MDG,450,Madagascar,ğŸ‡²ğŸ‡¬,
my,MYS,458,Malaisie,ğŸ‡²ğŸ‡¾,
mw,MWI,454,Malawi,ğŸ‡²ğŸ‡¼,
mv,MDV,462,Maldives,ğŸ‡²ğŸ‡»,
ml,MLI,466,Mali,ğŸ‡²ğŸ‡±,
mt,MLT,470,Malte,ğŸ‡²ğŸ‡¹,
ma,MAR,504,Maroc,ğŸ‡²ğŸ‡¦,
mh,MHL,584,Marshall,ğŸ‡²ğŸ‡­,
mu,MUS,480,Maurice,ğŸ‡²ğŸ‡º,<svg xmlns="http://www.w3.org/2000/svg" width="900" height="600" viewBox="0 0 6 4"><path fill="#00a551" d="M0 0h6v4H0z"/><path fill="#ffd500" d="M0 0h6v3H0z"/><path fill="#1a206d" d="M0 0h6v2H0z"/><path fill="#ea2839" d="M0 0h6v1H0z"/></svg>
mr,MRT,478,Mauritanie,ğŸ‡²ğŸ‡·,
mx,MEX,484,Mexique,ğŸ‡²ğŸ‡½,
fm,FSM,583,MicronÃ©sie,ğŸ‡«ğŸ‡²,
md,MDA,498,Moldavie,ğŸ‡²ğŸ‡©,
mc,MCO,492,Monaco,ğŸ‡²ğŸ‡¨,
mn,MNG,496,Mongolie,ğŸ‡²ğŸ‡³,
me,MNE,499,MontÃ©nÃ©gro,ğŸ‡²ğŸ‡ª,
mz,MOZ,508,Mozambique,ğŸ‡²ğŸ‡¿,
na,NAM,516,Namibie,ğŸ‡³ğŸ‡¦,
nr,NRU,520,Nauru,ğŸ‡³ğŸ‡·,
np,NPL,524,NÃ©pal,ğŸ‡³ğŸ‡µ,
ni,NIC,558,Nicaragua,ğŸ‡³ğŸ‡®,
ne,NER,562,Niger,ğŸ‡³ğŸ‡ª,
ng,NGA,566,NigÃ©ria,ğŸ‡³ğŸ‡¬,
nu,NIU,570,Niue,ğŸ‡³ğŸ‡º,
no,NOR,578,NorvÃ¨ge,ğŸ‡³ğŸ‡´,<svg xmlns="http://www.w3.org/2000/svg" viewBox="0 0 22 16"><path fill="#ba0c2f" d="M0 0h22v16H0z"/><path d="M0 6h22v4H0z" fill="#fff"/><path d="M6 0v16h4V0z" fill="#fff"/><path d="M0 7h22v2H0z" fill="#00205b"/><path d="M7 0v16h2V0z" fill="#00205b"/></svg>
nz,NZL,554,Nouvelle-ZÃ©lande,ğŸ‡³ğŸ‡¿,
om,OMN,512,Oman,ğŸ‡´ğŸ‡²,
ug,UGA,800,Ouganda,ğŸ‡ºğŸ‡¬,
uz,UZB,860,OuzbÃ©kistan,ğŸ‡ºğŸ‡¿,
pk,PAK,586,Pakistan,ğŸ‡µğŸ‡°,
pw,PLW,585,Palaos,ğŸ‡µğŸ‡¼,
ps,PSE,275,Palestine,ğŸ‡µğŸ‡¸,
pa,PAN,591,Panama,ğŸ‡µğŸ‡¦,
pg,PNG,598,Papouasie-Nouvelle-GuinÃ©e,ğŸ‡µğŸ‡¬,
py,PRY,600,Paraguay,ğŸ‡µğŸ‡¾,
nl,NLD,528,Pays-Bas,ğŸ‡³ğŸ‡±,
pe,PER,604,PÃ©rou,ğŸ‡µğŸ‡ª,
ph,PHL,608,Philippines,ğŸ‡µğŸ‡­,
pl,POL,616,Pologne,ğŸ‡µğŸ‡±,
pt,PRT,620,Portugal,ğŸ‡µğŸ‡¹,
qa,QAT,634,Qatar,ğŸ‡¶ğŸ‡¦,
do,DOM,214,RÃ©publique dominicaine,ğŸ‡©ğŸ‡´,
ro,ROU,642,Roumanie,ğŸ‡·ğŸ‡´,<svg xmlns="http://www.w3.org/2000/svg" width="900" height="600" viewBox="0 0 3 2"><path fill="#ce1126" d="M0 0h3v2H0z"/><path fill="#fcd116" d="M0 0h2v2H0z"/><path fill="#002b7f" d="M0 0h1v2H0z"/></svg>
gb,GBR,826,Royaume-Uni,ğŸ‡¬ğŸ‡§,
ru,RUS,643,Russie,ğŸ‡·ğŸ‡º,
rw,RWA,646,Rwanda,ğŸ‡·ğŸ‡¼,
kn,KNA,659,Saint-Christophe-et-NiÃ©vÃ¨s,ğŸ‡°ğŸ‡³,
lc,LCA,662,Sainte-Lucie,ğŸ‡±ğŸ‡¨,
sm,SMR,674,Saint-Marin,ğŸ‡¸ğŸ‡²,
vc,VCT,670,Saint-Vincent-et-les-Grenadines,ğŸ‡»ğŸ‡¨,
sb,SLB,90,Salomon,ğŸ‡¸ğŸ‡§,
sv,SLV,222,Salvador,ğŸ‡¸ğŸ‡»,
ws,WSM,882,Samoa,ğŸ‡¼ğŸ‡¸,
st,STP,678,Sao TomÃ©-et-Principe,ğŸ‡¸ğŸ‡¹,
sn,SEN,686,SÃ©nÃ©gal,ğŸ‡¸ğŸ‡³,
rs,SRB,688,Serbie,ğŸ‡·ğŸ‡¸,
sc,SYC,690,Seychelles,ğŸ‡¸ğŸ‡¨,
sl,SLE,694,Sierra Leone,ğŸ‡¸ğŸ‡±,
sg,SGP,702,Singapour,ğŸ‡¸ğŸ‡¬,
sk,SVK,703,Slovaquie,ğŸ‡¸ğŸ‡°,
si,SVN,705,SlovÃ©nie,ğŸ‡¸ğŸ‡®,
so,SOM,706,Somalie,ğŸ‡¸ğŸ‡´,
sd,SDN,729,Soudan,ğŸ‡¸ğŸ‡©,
ss,SSD,728,Soudan du Sud,ğŸ‡¸ğŸ‡¸,
lk,LKA,144,Sri Lanka,ğŸ‡±ğŸ‡°,
se,SWE,752,SuÃ¨de,ğŸ‡¸ğŸ‡ª,<svg xmlns="http://www.w3.org/2000/svg" width="900" height="600" viewBox="0 0 15 10"><path fill="#006aa7" d="M0 0h15v10H0z"/><path fill="#fecc00" d="M0 4h5V0h2v4h8v2H7v4H5V6H0z"/></svg>
ch,CHE,756,Suisse,ğŸ‡¨ğŸ‡­,
sr,SUR,740,Suriname,ğŸ‡¸ğŸ‡·,
sz,SWZ,748,Swaziland,ğŸ‡¸ğŸ‡¿,
sy,SYR,760,Syrie,ğŸ‡¸ğŸ‡¾,
tj,TJK,762,Tadjikistan,ğŸ‡¹ğŸ‡¯,
tz,TZA,834,Tanzanie,ğŸ‡¹ğŸ‡¿,
td,TCD,148,Tchad,ğŸ‡¹ğŸ‡©,
cz,CZE,203,TchÃ©quie,ğŸ‡¨ğŸ‡¿,
th,THA,764,ThaÃ¯lande,ğŸ‡¹ğŸ‡­,
tl,TLS,626,Timor oriental,ğŸ‡¹ğŸ‡±,
tg,TGO,768,Togo,ğŸ‡¹ğŸ‡¬,
to,TON,776,Tonga,ğŸ‡¹ğŸ‡´,
tt,TTO,780,TrinitÃ©-et-Tobago,ğŸ‡¹ğŸ‡¹,
tn,TUN,788,Tunisie,ğŸ‡¹ğŸ‡³,
tm,TKM,795,TurkmÃ©nistan,ğŸ‡¹ğŸ‡²,
tr,TUR,792,Turquie,ğŸ‡¹ğŸ‡·,
tv,TUV,798,Tuvalu,ğŸ‡¹ğŸ‡»,
ua,UKR,804,Ukraine,ğŸ‡ºğŸ‡¦,<svg xmlns="http://www.w3.org/2000/svg" width="900" height="600" viewBox="0 0 3 2"><path fill="#ffd500" d="M0 0h3v2H0z"/><path fill="#005bbb" d="M0 0h3v1H0z"/></svg>
uy,URY,858,Uruguay,ğŸ‡ºğŸ‡¾,
vu,VUT,548,Vanuatu,ğŸ‡»ğŸ‡º,
va,VAT,336,Vatican,ğŸ‡»ğŸ‡¦,
ve,VEN,862,VÃ©nÃ©zuÃ©la,ğŸ‡»ğŸ‡ª,
vn,VNM,704,Vietnam,ğŸ‡»ğŸ‡³,
ye,YEM,887,YÃ©men,ğŸ‡¾ğŸ‡ª,
zm,ZMB,894,Zambie,ğŸ‡¿ğŸ‡²,
zw,ZWE,716,Zimbabwe,ğŸ‡¿ğŸ‡¼,
tw,TWN,158,TaÃ¯wan,ğŸ‡¹ğŸ‡¼,
gl,GRL,304,Groenland,ğŸ‡¬ğŸ‡±,
pr,PRI,630,Porto Rico,ğŸ‡µğŸ‡·,
